LastName,,Trump,Clinton
FirstName,,Donald,Hillary
OfficeTitle,,President and Vice President,President and Vice President
LocalityCode,precinct_name,,
1,## Provi,1.0,3.0
1,ACCOMAC,637.0,486.0
1,ATLANTIC,553.0,175.0
1,BLOXOM,342.0,141.0
1,BOBTOWN,369.0,202.0
1,CHINCOTE,1188.0,444.0
1,Central ,644.0,784.0
1,GREENBAC,697.0,302.0
1,MAPPSVIL,243.0,397.0
1,MELFA,392.0,436.0
1,NANDUA,976.0,805.0
1,NEW CHUR,592.0,713.0
1,PAINTER,618.0,1042.0
1,PARKSLEY,489.0,218.0
1,RUE,119.0,385.0
1,SAXIS,153.0,42.0
1,TANGIER,221.0,27.0
1,WACHAPRE,349.0,138.0
3,## Provi,29.0,48.0
3,AGNOR-HU,406.0,1106.0
3,BAKER-BU,938.0,1117.0
3,BELFIELD,290.0,431.0
3,BRANCHLA,208.0,546.0
3,BROWNSVI,1192.0,1802.0
3,CALE,805.0,2198.0
3,COUNTRY ,555.0,957.0
3,CROZET,1081.0,1576.0
3,Central ,1828.0,4707.0
3,DUNLORA,592.0,1363.0
3,EARLYSVI,1045.0,1061.0
3,EAST IVY,245.0,397.0
3,FREE BRI,823.0,1627.0
3,FREE UNI,444.0,484.0
3,GEORGETO,398.0,1338.0
3,HOLLYMEA,654.0,971.0
3,IVY,818.0,1692.0
3,JACK JOU,531.0,897.0
3,KESWICK,397.0,538.0
3,MONTICEL,547.0,445.0
3,NORTHSID,901.0,1161.0
3,PORTERS,388.0,588.0
3,RED HILL,738.0,1103.0
3,SCOTTSVI,590.0,445.0
3,STONE RO,997.0,909.0
3,STONY PO,530.0,534.0
3,UNIVERSI,407.0,1851.0
3,WOODBROO,680.0,1192.0
3,YELLOW M,202.0,261.0
5,## Provi,1.0,1.0
5,ARRITT,521.0,138.0
5,CALLAGHA,325.0,74.0
5,Central ,331.0,203.0
5,DAMERON,196.0,51.0
5,DISTRICT,0.0,0.0
5,DOLLY AN,360.0,129.0
5,GRIFFITH,450.0,176.0
5,HUMPBACK,290.0,103.0
5,IRON GAT,155.0,104.0
5,JACKSON ,461.0,141.0
5,LOW MOOR,335.0,137.0
5,PETERS S,551.0,188.0
7,## Provi,4.0,6.0
7,Central ,511.0,287.0
7,NUMBER F,0.0,0.0
7,NUMBER O,740.0,334.0
7,NUMBER T,0.0,0.0
9,## Provi,0.0,0.0
9,AMELON,1487.0,711.0
9,COOLWELL,492.0,121.0
9,COURT HO,1112.0,721.0
9,Central ,654.0,519.0
9,ELON,1450.0,474.0
9,LONCO,386.0,194.0
9,MADISON,1419.0,815.0
9,MONROE,594.0,217.0
9,NEW GLAS,799.0,426.0
9,PLEASANT,322.0,110.0
9,TEMPERAN,569.0,200.0
9,WRIGHT S,435.0,549.0
11,## Provi,1.0,0.0
11,AGEE,254.0,139.0
11,CHAP,210.0,147.0
11,COURTHOU,914.0,329.0
11,Central ,360.0,137.0
11,OAKVILLE,688.0,299.0
11,PAMPLIN,704.0,282.0
11,SPOUT SP,964.0,208.0
11,STONEWAL,625.0,214.0
11,US  460,545.0,164.0
11,VERA,450.0,104.0
13,## Provi,31.0,137.0
13,ABINGDON,274.0,1331.0
13,ARLINGTO,0.0,0.0
13,ASHLAWN,225.0,689.0
13,ASHTON H,275.0,1257.0
13,AURORA H,249.0,730.0
13,AUSA,296.0,922.0
13,BALLSTON,322.0,1180.0
13,BARCROFT,280.0,1077.0
13,BUCKINGH,251.0,1218.0
13,CAMPBELL,171.0,1263.0
13,CENTRAL,386.0,1537.0
13,CHERRYDA,298.0,1170.0
13,CLARENDO,224.0,984.0
13,COLUMBIA,344.0,1450.0
13,CRYSTAL ,0.0,0.0
13,Central ,4488.0,31140.0
13,DAWSON T,177.0,1021.0
13,DOMINION,281.0,1135.0
13,EAST FAL,260.0,786.0
13,FAIRLING,333.0,1184.0
13,FILLMORE,372.0,1771.0
13,FOUR MIL,193.0,1102.0
13,GLEBE,215.0,1373.0
13,GLEN CAR,256.0,906.0
13,GUNSTON,241.0,1068.0
13,HUME,412.0,1512.0
13,JEFFERSO,353.0,1149.0
13,LEXINGTO,320.0,1190.0
13,LYON PAR,341.0,1359.0
13,LYON VIL,311.0,1236.0
13,MADISON,488.0,887.0
13,MARSHALL,412.0,1228.0
13,MONROE,174.0,845.0
13,NAVY LEA,259.0,1166.0
13,NOTTINGH,362.0,1003.0
13,OAKRIDGE,202.0,523.0
13,OVERLEE ,337.0,1251.0
13,PARK LAN,401.0,1701.0
13,ROCK SPR,383.0,1015.0
13,ROSSLYN,319.0,1466.0
13,SHIRLING,270.0,1104.0
13,TAYLOR,95.0,387.0
13,THRIFTON,345.0,893.0
13,VIRGINIA,0.0,0.0
13,WAKEFIEL,323.0,1628.0
13,WESTOVER,310.0,1239.0
13,WILSON,376.0,1589.0
13,WOODLAWN,354.0,1492.0
13,YORKTOWN,314.0,1012.0
15,## Provi,11.0,9.0
15,BUFFALO ,763.0,194.0
15,CEDAR GR,861.0,331.0
15,CHURCHVI,0.0,0.0
15,CRAIGSVI,525.0,113.0
15,CRIMORA,1512.0,349.0
15,Central ,1628.0,827.0
15,DEERFIEL,268.0,32.0
15,DOOMS,989.0,256.0
15,FISHERSV,1510.0,629.0
15,FORT DEF,1866.0,623.0
15,GREENVIL,1211.0,264.0
15,JOLIVUE,594.0,266.0
15,LYNDHURS,1165.0,425.0
15,MIDDLEBR,570.0,166.0
15,MOUNT SO,777.0,120.0
15,NEW HOPE,845.0,218.0
15,NORTH RI,536.0,113.0
15,RIDGEVIE,1866.0,527.0
15,SHERANDO,856.0,232.0
15,SPOTTSWO,640.0,162.0
15,STUARTS ,769.0,310.0
15,VERONA,1307.0,405.0
15,WEYERS C,1279.0,416.0
15,WHITE HI,1323.0,341.0
15,WILSON,1122.0,545.0
17,## Provi,0.0,0.0
17,BURNSVIL,81.0,19.0
17,Central ,115.0,75.0
17,FAIRVIEW,268.0,39.0
17,HEALING ,288.0,108.0
17,HOT SPRI,180.0,127.0
17,MILLBORO,313.0,117.0
17,MOUNTAIN,60.0,11.0
17,WARM SPR,243.0,107.0
19,## Provi,0.0,0.0
19,BEDFORD ,0.0,0.0
19,BETHESDA,574.0,161.0
19,BIG ISLA,336.0,100.0
19,BOONSBOR,0.0,0.0
19,CHAMBLIS,942.0,263.0
19,Central ,0.0,0.0
19,FOREST E,1285.0,414.0
19,FOREST Y,578.0,185.0
19,GOODE VO,1349.0,269.0
19,GOODVIEW,1366.0,310.0
19,HARDY VO,553.0,163.0
19,HUDDLEST,489.0,129.0
19,KNIGHTS ,1632.0,526.0
19,LIBERTY ,656.0,225.0
19,MONETA E,1303.0,406.0
19,MONTVALE,890.0,237.0
19,NEW LOND,2055.0,439.0
19,Quaker B,411.0,135.0
19,SAUNDERS,913.0,305.0
19,SEDALIA ,455.0,124.0
19,SHADY GR,992.0,241.0
19,ST. PAUL,1210.0,320.0
19,STAUNTON,641.0,179.0
19,STEWARTS,864.0,222.0
19,SUCK SPR,659.0,189.0
19,THAXTON ,0.0,0.0
19,THOMAS J,827.0,283.0
21,## Provi,1.0,0.0
21,BASTIAN,315.0,48.0
21,CERES,314.0,52.0
21,Central ,157.0,43.0
21,DAVIS,100.0,21.0
21,HOLLYBRO,319.0,47.0
21,MECHANIC,164.0,24.0
21,ROCKY GA,652.0,117.0
21,SEDDON,551.0,101.0
23,## Provi,6.0,2.0
23,BLUE RID,1347.0,415.0
23,BUCHANAN,1162.0,361.0
23,CLOVERDA,1638.0,598.0
23,Central ,1058.0,568.0
23,DALEVILL,1179.0,489.0
23,EAGLE RO,782.0,205.0
23,FINCASTL,1495.0,493.0
23,GREENFIE,1419.0,390.0
23,MILL CRE,1111.0,328.0
23,RAINBOW ,1358.0,394.0
23,TROUTVIL,820.0,251.0
25,## Provi,0.0,8.0
25,ALBERTA,74.0,75.0
25,BRODNAX,158.0,189.0
25,Central ,366.0,407.0
25,DANIELTO,311.0,330.0
25,DROMGOOL,93.0,118.0
25,EDGERTON,176.0,485.0
25,ELMORE,144.0,166.0
25,FITZHUGH,171.0,350.0
25,KING'S S,93.0,271.0
25,ROCK STO,309.0,241.0
25,SEYMOUR,130.0,176.0
25,STURGEON,371.0,653.0
25,TILLMAN,413.0,228.0
25,TOTARO,237.0,784.0
27,## Provi,2.0,0.0
27,BLACKEY,342.0,52.0
27,BULL,434.0,83.0
27,CONTRARY,435.0,69.0
27,COUNCIL,277.0,75.0
27,Central ,674.0,242.0
27,FOX,102.0,55.0
27,GARDEN,404.0,88.0
27,GRASSY,73.0,27.0
27,HURLEY,746.0,105.0
27,HURRICAN,244.0,88.0
27,NORTH GR,467.0,109.0
27,OAKWOOD,57.0,13.0
27,PRATER,412.0,117.0
27,ROCKLICK,496.0,89.0
27,SLATE,537.0,134.0
27,SOUTH GR,662.0,140.0
27,VANSANT,415.0,96.0
27,WHITEWOO,517.0,139.0
29,## Provi,1.0,0.0
29,CURDSVIL,411.0,243.0
29,Central ,278.0,228.0
29,GEORGIA ,159.0,82.0
29,GLENMORE,306.0,300.0
29,GOLD HIL,334.0,327.0
29,MAYSVILL,638.0,406.0
29,NEW CANT,488.0,437.0
29,NEW STOR,368.0,124.0
29,SLATE RI,355.0,549.0
29,WHITE HA,294.0,287.0
29,WRIGHTS,318.0,145.0
31,## Provi,18.0,3.0
31,ALTAVIST,1135.0,653.0
31,BEDFORD ,1650.0,425.0
31,BROOKNEA,696.0,348.0
31,BROOKVIL,1528.0,440.0
31,CONCORD,1420.0,474.0
31,COURT HO,1721.0,447.0
31,Central ,1293.0,648.0
31,EVINGTON,573.0,175.0
31,GLADYS,1039.0,462.0
31,KINGS,1025.0,401.0
31,MORRIS C,454.0,173.0
31,NEW LOND,1629.0,420.0
31,OTTER RI,546.0,163.0
31,SPRING H,1722.0,424.0
31,THREE FO,1000.0,216.0
31,WALKER,1181.0,421.0
31,YELLOW B,921.0,371.0
33,## Provi,4.0,7.0
33,BOWLING ,715.0,387.0
33,CARMEL C,214.0,355.0
33,CHILESBU,603.0,525.0
33,Central ,630.0,654.0
33,DAWN,651.0,990.0
33,LAKE,475.0,338.0
33,MILFORD,498.0,403.0
33,NORTH MA,495.0,476.0
33,PORT ROY,361.0,217.0
33,SOUTH MA,723.0,469.0
33,SPARTA,558.0,328.0
33,WEST MAT,451.0,666.0
33,WOODFORD,769.0,617.0
35,## Provi,10.0,2.0
35,Central ,880.0,285.0
35,DUGSPUR,253.0,42.0
35,FANCY GA,446.0,119.0
35,GLADESBO,549.0,161.0
35,GLADEVIL,805.0,148.0
35,HILLSVIL,0.0,0.0
35,LAMBSBUR,331.0,70.0
35,LAUREL,491.0,91.0
35,LAUREL F,387.0,100.0
35,MT BETHE,426.0,92.0
35,OAKLAND ,0.0,0.0
35,ST PAUL,618.0,104.0
35,SYLVATUS,477.0,99.0
35,VAUGHAN,329.0,56.0
35,WOODLAWN,0.0,0.0
36,## Provi,1.0,0.0
36,Central ,149.0,444.0
36,PRECINCT,0.0,0.0
37,## Provi,0.0,0.0
37,BACON/SA,373.0,291.0
37,COUNTY S,511.0,324.0
37,CULLEN/R,451.0,269.0
37,Central ,195.0,212.0
37,DRAKES B,404.0,233.0
37,KEYSVILL,505.0,274.0
37,PHENIX,548.0,247.0
37,RED OAK ,492.0,305.0
41,## Provi,0.0,0.0
41,BAILEY B,1675.0,676.0
41,BEACH,711.0,203.0
41,BEAUFONT,304.0,775.0
41,BELGRADE,1092.0,1006.0
41,BELLWOOD,711.0,631.0
41,BELMONT,215.0,1108.0
41,BEULAH,812.0,1452.0
41,BIRD,416.0,288.0
41,BIRKDALE,1639.0,1034.0
41,BLACK HE,844.0,597.0
41,BON AIR,1041.0,1134.0
41,BRANDERM,1234.0,1069.0
41,CARVER,873.0,885.0
41,CHIPPENH,192.0,568.0
41,COSBY,1629.0,1197.0
41,CRANBECK,620.0,826.0
41,CRENSHAW,1821.0,1418.0
41,CRESTWOO,583.0,560.0
41,Central ,0.0,0.0
41,DAVIS,360.0,1416.0
41,DEER RUN,603.0,350.0
41,DREWRYS ,672.0,1017.0
41,DUTCH GA,769.0,620.0
41,ECOFF,1701.0,1033.0
41,EDGEWATE,547.0,474.0
41,ELIZABET,1649.0,1453.0
41,ENON,1648.0,1026.0
41,ETTRICK,455.0,2411.0
41,EVERGREE,0.0,0.0
41,FALLING ,741.0,1627.0
41,FIVE FOR,1037.0,1695.0
41,GATES,954.0,680.0
41,GENITO,1871.0,1693.0
41,GREENFIE,964.0,1121.0
41,HARBOUR ,766.0,578.0
41,HARROWGA,1479.0,1561.0
41,HOPKINS,44.0,288.0
41,HUGUENOT,657.0,805.0
41,IRON BRI,1656.0,1425.0
41,JACOBS,662.0,720.0
41,LA PRADE,1125.0,987.0
41,MANCHEST,532.0,629.0
41,MATOACA,1400.0,1261.0
41,MEADOWBR,593.0,1448.0
41,MIDLOTHI,0.0,0.0
41,MONACAN,712.0,537.0
41,NASH,1794.0,953.0
41,NORTH CH,1505.0,828.0
41,North Bi,269.0,587.0
41,POCOSHOC,278.0,913.0
41,PROVIDEN,904.0,1077.0
41,REAMS,1099.0,1676.0
41,ROBIOUS,1729.0,1293.0
41,ROSELAND,437.0,275.0
41,SALEM CH,1388.0,1139.0
41,SALISBUR,1696.0,1086.0
41,SHENANDO,890.0,948.0
41,SKINQUAR,2315.0,1142.0
41,SMOKETRE,1040.0,745.0
41,SOUTH CH,1149.0,955.0
41,SOUTH MA,373.0,441.0
41,SOUTHSID,656.0,2479.0
41,SPRING R,1345.0,887.0
41,ST. LUKE,659.0,572.0
41,SWIFT CR,1149.0,966.0
41,SYCAMORE,1280.0,929.0
41,TOMAHAWK,1318.0,933.0
41,WAGSTAFF,650.0,622.0
41,WATKINS,1443.0,1034.0
41,WELLS,1015.0,1032.0
41,WEST BEA,478.0,311.0
41,WINFREES,1996.0,707.0
41,WINTERPO,2039.0,657.0
41,WOOLRIDG,1681.0,1197.0
43,## Provi,4.0,4.0
43,BERRYVIL,630.0,572.0
43,BLUE RID,231.0,144.0
43,BUCKMARS,605.0,380.0
43,Central ,505.0,483.0
43,MILLWOOD,588.0,378.0
43,PINE GRO,278.0,161.0
43,RUSSELL,1006.0,423.0
43,WHITE PO,814.0,506.0
45,## Provi,1.0,0.0
45,AMMENDAL,485.0,95.0
45,BARBOURS,169.0,45.0
45,COURT HO,415.0,86.0
45,CRAIG CI,448.0,83.0
45,CRAIG SP,185.0,55.0
45,GIVENS &,226.0,91.0
45,MARSHALL,180.0,70.0
45,PAINT BA,31.0,16.0
47,## Provi,6.0,11.0
47,BRANDY S,1126.0,430.0
47,BROWNS S,1294.0,566.0
47,CARDOVA,669.0,283.0
47,Central ,1230.0,1179.0
47,EAST FAI,983.0,1092.0
47,EGGBORNS,909.0,328.0
47,ELDORADO,877.0,362.0
47,JEFFERSO,1136.0,490.0
47,LIGNUM,589.0,254.0
47,MITCHELL,172.0,91.0
47,PEARL SA,1087.0,617.0
47,RICHARDS,338.0,105.0
47,RIXEYVIL,1104.0,414.0
47,SOUTH RI,301.0,257.0
47,WEST FAI,1254.0,1076.0
47,WILLOW S,274.0,204.0
49,## Provi,2.0,2.0
49,Central ,187.0,148.0
49,PRECINCT,0.0,0.0
51,## Provi,0.0,0.0
51,CLINCHCO,418.0,119.0
51,Central ,537.0,242.0
51,FRYING P,138.0,21.0
51,HAYSI-CO,748.0,264.0
51,HERALD,307.0,36.0
51,NORA,305.0,63.0
51,NORTH CL,689.0,163.0
51,RIDGE,528.0,92.0
51,SOUTH CL,901.0,241.0
51,TARPON,200.0,78.0
51,WEST DAN,161.0,16.0
53,## Provi,0.0,0.0
53,CHERRY H,237.0,270.0
53,CHESDIN,601.0,1162.0
53,CHURCH R,944.0,211.0
53,Central ,717.0,785.0
53,DINWIDDI,734.0,465.0
53,EDGEHILL,70.0,166.0
53,LITTLE Z,532.0,600.0
53,MCKENNEY,428.0,300.0
53,NEW HOPE,548.0,341.0
53,REAMS,333.0,179.0
53,ROCKY RU,582.0,209.0
53,ROHOIC,309.0,360.0
53,SUTHERLA,1038.0,604.0
53,WHITE OA,374.0,113.0
57,## Provi,0.0,1.0
57,CENTRAL,619.0,521.0
57,Central ,315.0,305.0
57,GREATER ,503.0,537.0
57,NORTH,395.0,721.0
57,SOUTH,825.0,457.0
59,## Provi,0.0,0.0
59,ALBAN,511.0,1308.0
59,ALDRIN,513.0,1121.0
59,ARMFIELD,427.0,786.0
59,Armstron,667.0,1458.0
59,BAILEYS,396.0,1564.0
59,BARCROFT,238.0,558.0
59,BELLE HA,471.0,816.0
59,BELLEVIE,405.0,940.0
59,BELVEDER,256.0,681.0
59,BELVOIR,463.0,894.0
59,BLAKE,697.0,1848.0
59,BONNIE B,450.0,997.0
59,BREN MAR,417.0,1652.0
59,BRISTOW,380.0,1293.0
59,BROOK HI,458.0,934.0
59,BROOKFIE,732.0,1736.0
59,BUCKNELL,391.0,1592.0
59,BULL RUN,670.0,603.0
59,BURKE,833.0,1916.0
59,BURKE CE,890.0,1802.0
59,BUSH HIL,663.0,1324.0
59,CAMELOT,354.0,538.0
59,CAMERON,200.0,506.0
59,CAMERON ,661.0,1147.0
59,CANTERBU,793.0,1601.0
59,CARDINAL,470.0,942.0
59,CARSON,447.0,893.0
59,CEDAR LA,238.0,527.0
59,CENTERPO,436.0,1238.0
59,CENTRE R,578.0,1379.0
59,CENTREVI,801.0,1821.0
59,CHAIN BR,656.0,941.0
59,CHANTILL,627.0,1132.0
59,CHAPEL,545.0,860.0
59,CHERRY R,700.0,1028.0
59,CHESTERB,475.0,911.0
59,CHURCHIL,276.0,532.0
59,CLEARVIE,917.0,1498.0
59,CLERMONT,517.0,1093.0
59,CLIFTON,1425.0,1081.0
59,COATES,485.0,1607.0
59,COLCHEST,538.0,605.0
59,COLUMBIA,500.0,1219.0
59,COLVIN,611.0,844.0
59,COMPTON,165.0,302.0
59,COOPER,441.0,638.0
59,CRESTWOO,520.0,1113.0
59,CROSSROA,101.0,596.0
59,CUB RUN,890.0,1324.0
59,Central ,0.0,0.0
59,DANBURY,132.0,316.0
59,DEER PAR,881.0,1052.0
59,DIFFICUL,203.0,211.0
59,DOGWOOD,576.0,1880.0
59,EAGLE VI,686.0,1262.0
59,EDSALL,381.0,932.0
59,EL NIDO,369.0,813.0
59,FAIR LAK,618.0,1309.0
59,FAIR OAK,615.0,1350.0
59,FAIRFAX ,443.0,506.0
59,FAIRFIEL,178.0,1259.0
59,FAIRVIEW,992.0,1819.0
59,FLINT HI,677.0,1058.0
59,FLORIS,836.0,1450.0
59,FORESTDA,222.0,609.0
59,FORESTVI,910.0,870.0
59,FORT BUF,260.0,972.0
59,FORT HUN,532.0,839.0
59,FOUNTAIN,1163.0,1136.0
59,FOX MILL,1055.0,1729.0
59,FRANCONI,518.0,1519.0
59,FRANKLIN,198.0,391.0
59,FREEDOM ,423.0,904.0
59,FRYING P,468.0,1345.0
59,GARFIELD,605.0,1644.0
59,GLADE,561.0,1708.0
59,GLEN FOR,394.0,1309.0
59,GREAT FA,551.0,626.0
59,GREEN TR,814.0,1636.0
59,GREENBRI,0.0,0.0
59,GREENSPR,452.0,844.0
59,GREENWAY,546.0,1713.0
59,GROSVENO,293.0,1056.0
59,GROVETON,257.0,1005.0
59,GUNSTON,735.0,806.0
59,HAYCOCK,396.0,937.0
59,HAYFIELD,614.0,838.0
59,HERITAGE,546.0,1763.0
59,HERNDON ,0.0,0.0
59,HICKORY,792.0,988.0
59,HIDDEN M,580.0,820.0
59,HOLLIN H,533.0,968.0
59,HOLMES #,0.0,0.0
59,HUGHES,458.0,1777.0
59,HUMMER,374.0,761.0
59,HUNT VAL,485.0,802.0
59,HUNTERS ,0.0,0.0
59,HUNTINGT,488.0,1717.0
59,HUNTLEY,487.0,1110.0
59,HUTCHISO,289.0,1118.0
59,HYBLA VA,269.0,1744.0
59,IRVING,587.0,953.0
59,ISLAND C,456.0,1129.0
59,KEENE MI,360.0,718.0
59,KENMORE,694.0,1117.0
59,KILMER,606.0,1682.0
59,KINGS PA,539.0,943.0
59,KINGSTOW,559.0,1510.0
59,KIRBY,323.0,749.0
59,KIRKSIDE,262.0,872.0
59,LAKE BRA,658.0,1726.0
59,LANE,468.0,1533.0
59,LANGLEY,429.0,614.0
59,LAUREL,842.0,1604.0
59,LAUREL H,630.0,1741.0
59,LEES COR,480.0,819.0
59,LINCOLNI,448.0,1402.0
59,LITTLE R,306.0,567.0
59,LONDON T,630.0,1644.0
59,LONGFELL,440.0,919.0
59,LORTON,269.0,1106.0
59,LORTON C,366.0,843.0
59,LORTON S,451.0,1616.0
59,LYNBROOK,332.0,1008.0
59,MADISON,128.0,402.0
59,MAGARITY,533.0,1469.0
59,MANTUA,431.0,884.0
59,MARLAN,464.0,825.0
59,MARSHALL,625.0,2171.0
59,MASONVIL,509.0,1160.0
59,MCLEAN,462.0,727.0
59,MCNAIR,495.0,1594.0
59,MERRIFIE,712.0,2586.0
59,MONUMENT,665.0,1581.0
59,MOSBY,470.0,1387.0
59,MOUNT EA,260.0,1196.0
59,NAVY,724.0,1251.0
59,NEWGATE ,0.0,0.0
59,NEWINGTO,984.0,2085.0
59,NORTH PO,729.0,1224.0
59,NORTH SP,828.0,1738.0
59,NOTTOWAY,523.0,1312.0
59,OAK HILL,480.0,898.0
59,OAK MARR,819.0,1210.0
59,OAKTON,593.0,861.0
59,OLD MILL,0.0,0.0
59,OLDE CRE,406.0,736.0
59,ORANGE,944.0,1421.0
59,PARKLAWN,397.0,948.0
59,PARKWAY,609.0,797.0
59,PENDERBR,710.0,1468.0
59,PIMMIT,648.0,1342.0
59,PINE RID,418.0,1024.0
59,PINE SPR,351.0,1057.0
59,PINEWOOD,244.0,1434.0
59,PIONEER,599.0,1743.0
59,PLAZA,102.0,561.0
59,POE,461.0,1066.0
59,POHICK,342.0,864.0
59,POPES HE,484.0,464.0
59,POPLAR T,662.0,1033.0
59,POWELL,820.0,1914.0
59,PRICE,411.0,813.0
59,RAVENSWO,421.0,716.0
59,RAVENWOO,382.0,1051.0
59,RESTON #,0.0,0.0
59,RIDGELEA,281.0,471.0
59,RIVERSID,516.0,720.0
59,ROBINSON,887.0,1599.0
59,ROCKY RU,1047.0,1440.0
59,ROSE HIL,930.0,1727.0
59,ROTONDA,226.0,545.0
59,SAINT AL,0.0,0.0
59,SALONA #,0.0,0.0
59,SANGSTER,540.0,736.0
59,SARATOGA,739.0,1461.0
59,SENECA,910.0,1076.0
59,SHERWOOD,299.0,868.0
59,SHOUSE,471.0,807.0
59,SHREVE,251.0,646.0
59,SIDEBURN,823.0,1061.0
59,SIGNAL H,642.0,1151.0
59,SILVERBR,909.0,1126.0
59,SKYLINE,235.0,1184.0
59,SLEEPY H,258.0,599.0
59,SOUTH CO,736.0,1063.0
59,SOUTH LA,637.0,1984.0
59,SOUTH RU,786.0,923.0
59,SPINDLE,330.0,886.0
59,SPRING H,426.0,676.0
59,STONE NO,391.0,758.0
59,STONE SO,300.0,731.0
59,STONECRO,448.0,529.0
59,STRATFOR,614.0,972.0
59,STUART,266.0,559.0
59,SUGARLAN,823.0,1324.0
59,SUNRISE ,348.0,700.0
59,SYDENSTR,741.0,1187.0
59,TERRA CE,539.0,950.0
59,THOREAU,531.0,1189.0
59,TIMBER L,445.0,1426.0
59,TYSONS,398.0,1058.0
59,UNIVERSI,403.0,1998.0
59,VALE,548.0,765.0
59,VALLEY,608.0,1082.0
59,VAN DORN,542.0,1606.0
59,VIENNA #,0.0,0.0
59,VILLA,457.0,814.0
59,VILLAGES,653.0,1673.0
59,VIRGINIA,0.0,0.0
59,WAKEFIEL,432.0,954.0
59,WALKER,596.0,1365.0
59,WALNUT H,599.0,1494.0
59,WAPLES M,1064.0,1416.0
59,WAYNEWOO,303.0,531.0
59,WEST SPR,628.0,1134.0
59,WESTBRIA,651.0,1373.0
59,WESTGATE,1038.0,1096.0
59,WESTHAMP,415.0,855.0
59,WESTLAWN,288.0,827.0
59,WESTMORE,267.0,516.0
59,WEYANOKE,404.0,1443.0
59,WHITE OA,574.0,1274.0
59,WILLOW S,676.0,905.0
59,WILLSTON,235.0,935.0
59,WOLFTRAP,742.0,1297.0
59,WOODBURN,297.0,863.0
59,WOODLAWN,561.0,1831.0
59,WOODLEY,586.0,1068.0
59,WOODSON,617.0,1026.0
59,WOODYARD,854.0,812.0
61,## Provi,0.0,0.0
61,AIRLIE,1073.0,615.0
61,BALDWIN ,634.0,386.0
61,BEALETON,1401.0,828.0
61,BROAD RU,915.0,494.0
61,CASANOVA,554.0,323.0
61,CATLETT,1476.0,475.0
61,COURTHOU,1115.0,917.0
61,Central ,0.0,0.0
61,KETTLE R,626.0,200.0
61,LEEDS,885.0,690.0
61,LOIS,633.0,242.0
61,MARSHALL,1116.0,694.0
61,MORRISVI,1057.0,342.0
61,NEW BALT,1121.0,518.0
61,OPAL,624.0,237.0
61,REMINGTO,1234.0,604.0
61,SPRINGS ,584.0,322.0
61,THE PLAI,796.0,718.0
61,VINT HIL,1675.0,870.0
61,WARRENTO,985.0,853.0
61,WATERLOO,1239.0,636.0
63,## Provi,4.0,0.0
63,BURKS FO,950.0,309.0
63,COURTHOU,774.0,449.0
63,Central ,554.0,433.0
63,INDIAN V,1055.0,271.0
63,LITTLE R,963.0,456.0
63,LOCUST G,993.0,382.0
65,## Provi,7.0,9.0
65,COLUMBIA,997.0,729.0
65,CUNNINGH,1556.0,780.0
65,Central ,803.0,975.0
65,FORK UNI,959.0,905.0
65,PALMYRA,1373.0,1224.0
65,RIVANNA,1330.0,1138.0
67,## Provi,9.0,3.0
67,BONBROOK,1000.0,301.0
67,BOONES M,1042.0,349.0
67,BOWMANS,422.0,154.0
67,BURNT CH,1248.0,437.0
67,CALLAWAY,855.0,257.0
67,COOPERS ,789.0,193.0
67,Central ,1310.0,762.0
67,DICKINSO,274.0,220.0
67,DUDLEY,646.0,245.0
67,ENDICOTT,509.0,135.0
67,FERRUM,479.0,200.0
67,FORK MOU,473.0,117.0
67,GLADE HI,1081.0,315.0
67,GOGGINSV,696.0,218.0
67,HENRY,979.0,206.0
67,HODGESVI,184.0,73.0
67,PENHOOK,744.0,307.0
67,ROCKY MO,0.0,0.0
67,SCRUGGS,2009.0,651.0
67,SNOW CRE,563.0,142.0
67,SONTAG,723.0,466.0
67,WAIDSBOR,605.0,201.0
69,## Provi,14.0,12.0
69,ALBIN,1105.0,402.0
69,ARMEL,1050.0,546.0
69,ASH HOLL,999.0,659.0
69,CANTERBU,1328.0,625.0
69,CARPERS ,1145.0,597.0
69,CEDAR CR,798.0,324.0
69,CLEAR BR,802.0,239.0
69,Central ,1945.0,1230.0
69,GAINESBO,857.0,175.0
69,GORE,1353.0,343.0
69,GREENWOO,1641.0,927.0
69,KERNSTOW,1224.0,560.0
69,MILLBROO,808.0,453.0
69,NAIN,1153.0,426.0
69,NEFF'S T,1308.0,795.0
69,NEWTOWN,1432.0,724.0
69,PARKIN'S,1072.0,529.0
69,REDLAND,1493.0,527.0
69,RUSSELLS,1112.0,314.0
69,SHENANDO,640.0,279.0
69,STEPHENS,1199.0,609.0
69,WHITE HA,1605.0,637.0
71,## Provi,0.0,1.0
71,Central ,457.0,220.0
71,EGGLESTO,420.0,171.0
71,GLEN LYN,92.0,20.0
71,NARROWS,1150.0,316.0
71,NEWPORT,513.0,280.0
71,PEARISBU,1422.0,417.0
71,PEMBROKE,1075.0,341.0
71,RICH CRE,369.0,87.0
71,STAFFORD,247.0,70.0
71,WHITE GA,165.0,27.0
73,## Provi,9.0,5.0
73,ACHILLES,1647.0,511.0
73,BOTETOUR,1368.0,604.0
73,COURTHOU,896.0,466.0
73,Central ,894.0,623.0
73,HARCUM,950.0,354.0
73,HAYES,1229.0,579.0
73,PEASLEY,634.0,195.0
73,ROANES,1416.0,520.0
73,SALEM,831.0,295.0
73,SARAHS C,1009.0,510.0
73,WALKER,1086.0,415.0
73,WHITE MA,1127.0,327.0
75,## Provi,10.0,5.0
75,BLAIR RO,713.0,331.0
75,CENTERVI,1238.0,531.0
75,Central ,796.0,613.0
75,FIFE,533.0,366.0
75,GOOCHLAN,0.0,0.0
75,HADENSVI,912.0,480.0
75,MANAKIN,1205.0,566.0
75,SANDY HO,1008.0,763.0
75,SHALLOW ,673.0,458.0
75,THREE SQ,215.0,207.0
77,## Provi,0.0,0.0
77,BAYWOOD,582.0,124.0
77,BRIDLE C,186.0,71.0
77,COMERS R,138.0,41.0
77,Central ,569.0,164.0
77,ELK CREE,352.0,79.0
77,FAIRVIEW,742.0,143.0
77,FLATRIDG,126.0,38.0
77,FRIES,287.0,98.0
77,GRANT,198.0,76.0
77,INDEPEND,889.0,244.0
77,MOUNT RO,178.0,35.0
77,MOUTH OF,109.0,58.0
77,OLDTOWN,290.0,73.0
77,PROVIDEN,667.0,100.0
77,RUGBY,169.0,46.0
77,TROUTDAL,110.0,17.0
79,## Provi,2.0,1.0
79,Central ,560.0,439.0
79,DYKE,615.0,220.0
79,MIDWAY,1426.0,757.0
79,RUCKERSV,1274.0,643.0
79,STANARDS,1311.0,523.0
79,SWIFT RU,757.0,341.0
81,## Provi,1.0,0.0
81,PRECINCT,0.0,0.0
83,## Provi,6.0,7.0
83,1160B,0.0,0.0
83,1160D,0.0,0.0
83,BLACK WA,514.0,222.0
83,CENTER,580.0,271.0
83,CHILDREY,428.0,292.0
83,CLAYS MI,365.0,172.0
83,CLOVER,416.0,404.0
83,COURTHOU,444.0,452.0
83,CROSSROA,294.0,212.0
83,Central ,886.0,708.0
83,DAN RIVE,841.0,419.0
83,HYCO,760.0,265.0
83,LIBERTY,218.0,149.0
83,MEADVILL,111.0,227.0
83,MIDWAY,578.0,104.0
83,MT CARME,596.0,485.0
83,REPUBLIC,395.0,366.0
83,SCOTTSBU,497.0,129.0
83,SINAI,399.0,649.0
83,SOUTH BO,0.0,0.0
83,UNION,205.0,107.0
83,VERNON H,367.0,200.0
83,VIRGILIN,375.0,98.0
85,## Provi,38.0,22.0
85,ASHLAND,623.0,722.0
85,ATLEE,2138.0,1221.0
85,BATTLEFI,1563.0,391.0
85,BEAVERDA,0.0,0.0
85,BERKLEY,499.0,796.0
85,BLACK CR,1694.0,404.0
85,BLUNTS,645.0,363.0
85,CHICKAHO,721.0,476.0
85,CLAY,1277.0,508.0
85,COLD HAR,1687.0,658.0
85,COOL SPR,1117.0,618.0
85,COURTHOU,643.0,477.0
85,Central ,3080.0,2066.0
85,ELMONT,1165.0,684.0
85,FARRINGT,1190.0,478.0
85,GEORGETO,923.0,369.0
85,HANOVER ,882.0,342.0
85,KERSEY C,604.0,325.0
85,LAUREL M,1185.0,460.0
85,LEE DAVI,1410.0,557.0
85,MECHANIC,838.0,565.0
85,MONTPELI,984.0,582.0
85,NEWMAN,1000.0,523.0
85,OAK HILL,368.0,146.0
85,OAK KNOL,944.0,409.0
85,PEBBLE C,759.0,361.0
85,ROCKVILL,1110.0,520.0
85,RURAL PO,1271.0,542.0
85,SHADY GR,1072.0,481.0
85,SLIDING ,878.0,613.0
85,SOUTH AN,654.0,308.0
85,STUDLEY,954.0,236.0
85,TOTOPOTO,740.0,211.0
85,VILLAGE,1863.0,726.0
85,WEST HAN,279.0,145.0
85,WILMINGT,1015.0,447.0
87,## Provi,0.0,0.0
87,ADAMS,71.0,1273.0
87,ANTIOCH,1054.0,363.0
87,AZALEA,125.0,2053.0
87,BELMONT,479.0,1078.0
87,BROOKLAN,235.0,235.0
87,CANTERBU,286.0,259.0
87,CAUSEWAY,624.0,615.0
87,CEDAR FO,124.0,700.0
87,CEDARFIE,942.0,769.0
87,CENTRAL ,35.0,1724.0
87,CHAMBERL,431.0,1327.0
87,CHICKAHO,898.0,741.0
87,COALPIT,1193.0,1272.0
87,CRESTVIE,643.0,907.0
87,Central ,0.0,0.0
87,DERBYSHI,786.0,566.0
87,DONAHOE,431.0,733.0
87,DOREY,871.0,881.0
87,DUMBARTO,505.0,1469.0
87,EANES,379.0,1181.0
87,ELKO,450.0,103.0
87,ESSEX VI,9.0,619.0
87,FAIRFIEL,60.0,1568.0
87,FREEMAN,574.0,606.0
87,GAYTON,1202.0,956.0
87,GLEN ALL,1389.0,1238.0
87,GLEN LEA,180.0,982.0
87,GLENSIDE,326.0,1105.0
87,GODWIN,783.0,810.0
87,GREENDAL,464.0,664.0
87,GREENWOO,202.0,875.0
87,HERMITAG,842.0,1181.0
87,HIGHLAND,0.0,0.0
87,HILLIARD,363.0,491.0
87,HOLLYBRO,170.0,389.0
87,HUNGARY,194.0,825.0
87,HUNGARY ,1288.0,1336.0
87,HUNTON,441.0,284.0
87,INNSBROO,862.0,1046.0
87,JACKSON ,625.0,486.0
87,JOHNSON,310.0,404.0
87,LABURNUM,386.0,1093.0
87,LAKESIDE,783.0,889.0
87,LAKEWOOD,803.0,666.0
87,LAUDERDA,790.0,893.0
87,LONGAN,919.0,1002.0
87,LONGDALE,384.0,710.0
87,MAPLEWOO,79.0,1793.0
87,MAUDE TR,392.0,393.0
87,MAYBEURY,919.0,865.0
87,MEHFOUD,403.0,461.0
87,MONTROSE,285.0,2256.0
87,MONUMENT,330.0,385.0
87,MOODY,318.0,383.0
87,MOORELAN,687.0,411.0
87,MOUNTAIN,228.0,293.0
87,NINE MIL,326.0,503.0
87,NUCKOLS ,1117.0,920.0
87,OAKVIEW,56.0,62.0
87,PEMBERTO,623.0,879.0
87,PINCHBEC,913.0,1096.0
87,PLEASANT,226.0,1830.0
87,POCAHONT,812.0,937.0
87,QUIOCCAS,893.0,1024.0
87,RANDOLPH,46.0,202.0
87,RATCLIFF,127.0,2132.0
87,RIDGE,546.0,505.0
87,RIDGEFIE,1104.0,999.0
87,RIVERS E,1022.0,910.0
87,ROLFE,306.0,2947.0
87,ROLLINGW,586.0,701.0
87,SADLER,917.0,1076.0
87,SANDSTON,997.0,461.0
87,SHADY GR,1239.0,946.0
87,SHORT PU,1259.0,1343.0
87,SKIPWITH,451.0,583.0
87,SPOTTSWO,362.0,385.0
87,SPRINGFI,562.0,780.0
87,STAPLES ,1353.0,1210.0
87,STONEY R,1331.0,1278.0
87,STRATFOR,101.0,156.0
87,SULLIVAN,467.0,903.0
87,SUMMIT C,405.0,525.0
87,THREE CH,963.0,908.0
87,TOWN HAL,399.0,286.0
87,TUCKAHOE,1390.0,940.0
87,TUCKER,608.0,1451.0
87,WELBORNE,485.0,730.0
87,WEST END,920.0,919.0
87,WESTWOOD,554.0,764.0
87,WHITLOCK,916.0,558.0
87,WILDER,233.0,1051.0
87,YELLOW T,869.0,1324.0
89,## Provi,0.0,0.0
89,AXTON,334.0,367.0
89,BASSETT ,0.0,0.0
89,COLLINSV,0.0,0.0
89,Central ,0.0,0.0
89,DANIELS ,522.0,254.0
89,DYERS ST,0.0,0.0
89,FIELDALE,403.0,218.0
89,FIGSBORO,627.0,216.0
89,FONTAINE,722.0,296.0
89,GUNVILLE,774.0,163.0
89,HILLCRES,260.0,183.0
89,HORSEPAS,0.0,0.0
89,IRISBURG,713.0,558.0
89,MOUNT OL,0.0,0.0
89,MOUNTAIN,0.0,0.0
89,OAK LEVE,326.0,125.0
89,RIDGEWAY,0.0,0.0
89,SCOTT'S ,1200.0,370.0
89,SPENCER,855.0,323.0
89,STANLEYT,1049.0,221.0
91,## Provi,0.0,0.0
91,BLUE GRA,163.0,76.0
91,HEADWATE,82.0,13.0
91,MCDOWELL,249.0,71.0
91,MILL GAP,90.0,40.0
91,MONTEREY,300.0,145.0
91,WILSONS ,74.0,26.0
93,## Provi,7.0,3.0
93,BARTLETT,1410.0,684.0
93,CAMPS MI,186.0,238.0
93,CARROLLT,1314.0,812.0
93,CARRSVIL,335.0,198.0
93,COURTHOU,539.0,194.0
93,CYPRESS ,1083.0,646.0
93,Central ,995.0,832.0
93,LONGVIEW,735.0,453.0
93,PONS,620.0,1124.0
93,RAYNOR,449.0,139.0
93,RUSHMERE,737.0,886.0
93,SMITHFIE,1455.0,741.0
93,WALTERS,614.0,184.0
93,WINDSOR,966.0,456.0
93,ZUNI,759.0,291.0
95,## Provi,0.0,0.0
95,104- BER,304.0,330.0
95,BERKELEY,0.0,0.0
95,Central ,0.0,0.0
95,JAMESTOW,0.0,0.0
95,POWHATAN,0.0,0.0
95,ROBERTS ,0.0,0.0
95,STONEHOU,0.0,0.0
97,## Provi,0.0,1.0
97,CLARKS,458.0,226.0
97,COURTHOU,375.0,297.0
97,Central ,167.0,172.0
97,OLDMILL,460.0,144.0
97,OWENTON,265.0,357.0
97,SHACKLEF,374.0,271.0
99,## Provi,3.0,5.0
99,COURTHOU,1203.0,581.0
99,Central ,842.0,559.0
99,DAHLGREN,1329.0,919.0
99,MONROE,1775.0,775.0
99,PASSAPAT,658.0,333.0
99,SHILOH,1531.0,835.0
101,## Provi,8.0,7.0
101,AYLETT,1235.0,370.0
101,COURTHOU,648.0,431.0
101,Central ,321.0,200.0
101,MANGOHIC,1194.0,618.0
101,MANQUIN,1186.0,470.0
101,SWEET HA,381.0,188.0
101,WEST POI,1002.0,476.0
103,## Provi,3.0,7.0
103,Central ,428.0,338.0
103,PRECINCT,0.0,0.0
105,## Provi,1.0,0.0
105,BEN HUR,864.0,182.0
105,BLACKWAT,130.0,33.0
105,Central ,565.0,167.0
105,DRYDEN,576.0,123.0
105,ELYDALE,368.0,90.0
105,EWING,362.0,70.0
105,FLATWOOD,592.0,75.0
105,JASPER,262.0,54.0
105,JONESVIL,799.0,183.0
105,KEOKEE,142.0,34.0
105,PENNINGT,659.0,138.0
105,ROBBINS ,100.0,9.0
105,ROSE HIL,688.0,146.0
105,SAINT CH,238.0,103.0
105,SEMINARY,313.0,53.0
105,STICKLEY,307.0,78.0
105,WOODWAY,577.0,89.0
107,## Provi,60.0,102.0
107,ALDIE,346.0,303.0
107,ALGONKIA,504.0,684.0
107,ARCOLA,1095.0,1794.0
107,ASHBROOK,428.0,903.0
107,ASHBY PO,359.0,411.0
107,BALLS BL,800.0,1032.0
107,BELMONT ,0.0,0.0
107,BETWEEN ,153.0,88.0
107,BRANDON ,391.0,714.0
107,BRIAR WO,635.0,1114.0
107,BROAD RU,603.0,868.0
107,CARDINAL,434.0,597.0
107,CARTER,237.0,640.0
107,CASCADES,735.0,1231.0
107,CEDAR LA,689.0,1108.0
107,CLARKES ,1044.0,730.0
107,CLAUDE M,421.0,930.0
107,COOL SPR,856.0,990.0
107,COUNTRYS,270.0,429.0
107,CREIGHTO,957.0,1662.0
107,Central ,10617.0,18822.0
107,DISCOVER,223.0,301.0
107,DOMINION,824.0,1326.0
107,DRY MILL,392.0,472.0
107,DULLES S,525.0,934.0
107,EAGLE RI,697.0,1087.0
107,EAST LEE,559.0,1273.0
107,EAST LOV,816.0,586.0
107,EVERGREE,616.0,818.0
107,FARMWELL,626.0,1266.0
107,FIREHOUS,358.0,228.0
107,FOREST G,775.0,1313.0
107,FREEDOM,421.0,768.0
107,GALILEE ,547.0,876.0
107,GREENWAY,413.0,524.0
107,HAMILTON,1200.0,962.0
107,HARPER P,486.0,620.0
107,HERITAGE,0.0,0.0
107,HILLSBOR,936.0,636.0
107,HILLSIDE,701.0,986.0
107,HUTCHISO,709.0,1146.0
107,LEE,898.0,992.0
107,LEGACY,968.0,2015.0
107,LIBERTY,437.0,708.0
107,LITTLE R,718.0,932.0
107,LOWES IS,673.0,850.0
107,LUCKETTS,1095.0,929.0
107,LUNSFORD,660.0,1043.0
107,MERCER,707.0,978.0
107,MIDDLEBU,338.0,495.0
107,MILL RUN,346.0,402.0
107,MIRROR R,472.0,1173.0
107,MOOREFIE,0.0,0.0
107,MOUNTAIN,1093.0,805.0
107,Madison',851.0,614.0
107,OAK GROV,167.0,635.0
107,PARK VIE,505.0,912.0
107,PHILOMON,438.0,345.0
107,PINEBROO,1355.0,2135.0
107,POTOMAC ,612.0,1025.0
107,PURCELLV,1038.0,932.0
107,RED ROCK,405.0,637.0
107,RIDGETOP,243.0,626.0
107,RIVER BE,467.0,599.0
107,RIVER CR,802.0,686.0
107,RIVERSID,492.0,696.0
107,ROCK RID,440.0,1113.0
107,ROLLING ,509.0,1260.0
107,ROUND HI,0.0,0.0
107,RUSSELL ,849.0,1193.0
107,SANDERS ,972.0,1250.0
107,SELDENS ,523.0,881.0
107,SENECA,593.0,885.0
107,SMARTS M,662.0,960.0
107,SOUTH BA,710.0,1113.0
107,ST LOUIS,384.0,474.0
107,STERLING,494.0,939.0
107,STONE BR,884.0,1218.0
107,SUGARLAN,0.0,0.0
107,SULLY,611.0,1086.0
107,SYCOLIN ,997.0,705.0
107,TOLBERT,654.0,1345.0
107,TOWN HAL,455.0,636.0
107,TUSCAROR,49.0,38.0
107,UNIVERSI,399.0,834.0
107,WATERFOR,945.0,731.0
107,WELLER,607.0,804.0
107,WEST LEE,698.0,933.0
107,WEST LOV,1229.0,851.0
109,## Provi,1.0,4.0
109,BUMPASS,690.0,193.0
109,CUCKOO,557.0,268.0
109,Central ,983.0,807.0
109,ELK CREE,436.0,153.0
109,FREDERIC,285.0,229.0
109,LOCUST C,824.0,326.0
109,LOUISA #,0.0,0.0
109,MECHANIC,528.0,349.0
109,MINERAL,1105.0,480.0
109,PATRICK ,0.0,0.0
109,SHELTONS,911.0,372.0
109,SOUTH AN,614.0,320.0
109,YANCEYVI,290.0,202.0
109,ZION,977.0,697.0
111,## Provi,0.0,0.0
111,ARROWHEA,214.0,55.0
111,BROWNS S,356.0,192.0
111,Central ,274.0,219.0
111,FLAT ROC,267.0,170.0
111,HOUNDS C,271.0,430.0
111,MEHERRIN,186.0,148.0
111,PEOPLES ,121.0,278.0
111,PLEASANT,351.0,141.0
111,PLYMOUTH,440.0,165.0
111,REEDY CR,162.0,199.0
111,ROSEBUD,306.0,79.0
111,VICTORIA,256.0,151.0
113,## Provi,1.0,1.0
113,BRIGHTWO,852.0,285.0
113,CRIGLERS,359.0,177.0
113,Central ,322.0,297.0
113,ETLAN,234.0,75.0
113,GRAVES M,44.0,13.0
113,MADISON,743.0,390.0
113,OAK PARK,420.0,277.0
113,RADIANT,665.0,347.0
113,ROCHELLE,359.0,136.0
113,WOLFTOWN,420.0,205.0
115,## Provi,2.0,0.0
115,CHESAPEA,667.0,256.0
115,Central ,707.0,387.0
115,PIANKATA,1107.0,496.0
115,WESTVILL,1034.0,424.0
117,## Provi,5.0,15.0
117,AMERICAN,401.0,770.0
117,AVERETT,168.0,20.0
117,BASKERVI,389.0,197.0
117,BLUESTON,0.0,0.0
117,BOYDTON,215.0,225.0
117,BRACEY,731.0,248.0
117,BUFFALO ,248.0,75.0
117,CHASE CI,0.0,0.0
117,CLARKSVI,786.0,342.0
117,Central ,995.0,950.0
117,FINCHLEY,110.0,87.0
117,LACROSSE,374.0,287.0
117,LAKE GAS,222.0,110.0
117,PARK VIE,68.0,125.0
117,PEARSONS,117.0,50.0
117,SMITH CR,164.0,83.0
117,SOUTH CL,374.0,454.0
117,SOUTH HI,788.0,594.0
117,SUNSHINE,322.0,203.0
117,UNION LE,262.0,61.0
117,WRIGHTS ,219.0,241.0
119,## Provi,2.0,1.0
119,401- HAR,513.0,406.0
119,CHURCH V,539.0,419.0
119,Central ,319.0,278.0
119,NEW MARK,903.0,276.0
119,SALUDA,235.0,146.0
119,URBANNA,418.0,212.0
119,WILTON,741.0,370.0
121,## Provi,4.0,6.0
121,Central ,1237.0,1847.0
121,PRECINCT,0.0,0.0
125,## Provi,4.0,12.0
125,Central ,204.0,326.0
125,FABER,295.0,268.0
125,GLADSTON,111.0,86.0
125,LOVINGST,450.0,363.0
125,MONTEBEL,77.0,36.0
125,NELLYSFO,556.0,654.0
125,ROCKFISH,772.0,704.0
125,ROSELAND,784.0,476.0
125,SCHUYLER,274.0,240.0
125,SHIPMAN,627.0,524.0
127,## Provi,1.0,1.0
127,CHICKAHO,879.0,255.0
127,CUMBERLA,779.0,371.0
127,Central ,545.0,389.0
127,ELTHAM,568.0,270.0
127,KENTWOOD,687.0,191.0
127,MOUNTCAS,454.0,187.0
127,PROVIDEN,1005.0,505.0
127,QUINTON,969.0,504.0
127,SOUTHERN,1237.0,354.0
127,TUNSTALL,461.0,133.0
127,WATKINS,533.0,386.0
131,## Provi,0.0,0.0
131,Central ,375.0,385.0
131,PRECINCT,0.0,0.0
133,## Provi,0.0,0.0
133,1A,650.0,413.0
133,2A,851.0,414.0
133,3A,230.0,495.0
133,3B,79.0,286.0
133,4A,1021.0,481.0
133,5A,999.0,438.0
133,Central ,472.0,325.0
135,## Provi,0.0,0.0
135,Central ,440.0,272.0
135,PRECINCT,0.0,0.0
137,## Provi,10.0,2.0
137,Central ,771.0,637.0
137,FIVE NOR,1270.0,696.0
137,FIVE SOU,1064.0,662.0
137,FOUR EAS,888.0,569.0
137,FOUR WES,1197.0,352.0
137,ONE EAST,814.0,604.0
137,ONE WEST,989.0,570.0
137,THREE EA,381.0,205.0
137,THREE WE,1002.0,855.0
137,TWO EAST,1028.0,347.0
137,TWO WEST,1107.0,458.0
139,## Provi,3.0,0.0
139,Central ,513.0,363.0
139,EAST LUR,1469.0,544.0
139,MARKSVIL,1670.0,406.0
139,NEWPORT,1296.0,342.0
139,SHENANDO,1593.0,328.0
139,WEST LUR,1287.0,531.0
141,## Provi,0.0,0.0
141,ARARAT,375.0,113.0
141,CLAUDVIL,381.0,72.0
141,CRITZ/ST,711.0,236.0
141,Central ,495.0,222.0
141,DRY POND,244.0,44.0
141,ELAMSVIL,425.0,109.0
141,LIBERTY,512.0,66.0
141,MEADOWS ,431.0,166.0
141,PATRICK ,640.0,164.0
141,RUSSELL ,502.0,119.0
141,STUART C,262.0,68.0
141,STUART F,589.0,166.0
141,WILLIS G,385.0,90.0
141,WOOLWINE,502.0,133.0
143,## Provi,12.0,4.0
143,202- BEA,166.0,77.0
143,BACHELOR,1075.0,180.0
143,BROSVILL,458.0,425.0
143,CALLANDS,640.0,181.0
143,CENTRAL,293.0,439.0
143,CHATHAM,561.0,189.0
143,CLIMAX,488.0,118.0
143,Central ,1663.0,1217.0
143,DRY FORK,325.0,82.0
143,EAST BLA,233.0,696.0
143,EAST GRE,251.0,244.0
143,FERRY RO,191.0,92.0
143,GRETNA,1167.0,347.0
143,HURT,982.0,390.0
143,KEELING,721.0,152.0
143,KENTUCK,1266.0,370.0
143,MOTLEY S,1038.0,433.0
143,MT AIRY,181.0,228.0
143,MT CROSS,720.0,154.0
143,MT HERMO,1491.0,494.0
143,RENAN,573.0,221.0
143,RICEVILL,291.0,378.0
143,RINGGOLD,1259.0,487.0
143,SANDY LE,417.0,123.0
143,STONY MI,863.0,263.0
143,SWANSONV,599.0,302.0
143,TUNSTALL,765.0,181.0
143,TWIN SPR,1833.0,351.0
143,WEST BLA,401.0,151.0
143,WHITMELL,631.0,230.0
145,## Provi,10.0,3.0
145,BETHESDA,1048.0,338.0
145,Central ,922.0,493.0
145,FLAT ROC,747.0,198.0
145,GRACELAN,1298.0,378.0
145,LEE'S LA,795.0,259.0
145,MANAKIN,811.0,295.0
145,MT ZION ,613.0,192.0
145,PINEVILL,395.0,255.0
145,POWHATAN,0.0,0.0
145,SMITH CR,744.0,486.0
145,SUBLETTS,1269.0,381.0
145,TOBACCOV,491.0,118.0
147,## Provi,2.0,1.0
147,BUFFALO ,215.0,154.0
147,CENTER,151.0,487.0
147,Central ,358.0,347.0
147,DARLINGT,365.0,228.0
147,FARMVILL,465.0,540.0
147,HAMPDEN,422.0,426.0
147,LEIGH,355.0,395.0
147,LOCKETT,679.0,576.0
147,MT PLEAS,172.0,237.0
147,PROSPECT,478.0,697.0
147,WEST END,439.0,503.0
149,## Provi,0.0,0.0
149,BLACK WA,1017.0,445.0
149,BLAND,1347.0,733.0
149,BRANDON,414.0,183.0
149,COURTS B,857.0,941.0
149,Central ,995.0,990.0
149,HARRISON,420.0,135.0
149,JEFFERSO,468.0,938.0
149,RICHARD ,548.0,274.0
149,RIVES,459.0,581.0
149,TEMPLETO,1771.0,578.0
149,UNION BR,861.0,621.0
153,## Provi,0.0,0.0
153,ALVEY,254.0,224.0
153,ANTIETAM,572.0,1067.0
153,ASHLAND ,562.0,652.0
153,BATTLEFI,918.0,556.0
153,BEL AIR,469.0,984.0
153,BELMONT,600.0,1015.0
153,BEN LOMO,536.0,1097.0
153,BENNETT,955.0,926.0
153,BETHEL,650.0,1305.0
153,BEVILLE,526.0,1536.0
153,BRENTSVI,1119.0,392.0
153,BRISTOW ,1298.0,1306.0
153,BUCKHALL,793.0,751.0
153,BUCKLAND,0.0,0.0
153,BULL RUN,614.0,676.0
153,BURKE-NI,0.0,0.0
153,CABIN BR,465.0,714.0
153,CARDINAL,361.0,710.0
153,CATHARPI,687.0,401.0
153,CEDAR PO,1223.0,1166.0
153,CHINN,470.0,895.0
153,COLES,791.0,548.0
153,Central ,0.0,0.0
153,DALE,296.0,1087.0
153,DUMFRIES,320.0,1032.0
153,ELLIS,660.0,884.0
153,ENTERPRI,402.0,1073.0
153,EVERGREE,994.0,607.0
153,FITZGERA,389.0,1161.0
153,FOREST P,429.0,968.0
153,FREEDOM,242.0,1309.0
153,GIDEON,310.0,1018.0
153,GLENKIRK,873.0,796.0
153,GRAHAM P,247.0,744.0
153,GRAYSON,362.0,1372.0
153,HAMPTON,224.0,951.0
153,HENDERSO,679.0,732.0
153,HERITAGE,952.0,758.0
153,HYLTON,801.0,489.0
153,INDEPEND,864.0,399.0
153,KERRYDAL,463.0,1227.0
153,KILBY,361.0,978.0
153,KING,0.0,0.0
153,LAKE RID,574.0,828.0
153,LEESYLVA,520.0,881.0
153,LIBRARY,336.0,1150.0
153,LIMESTON,1077.0,1117.0
153,LUCASVIL,704.0,373.0
153,LYNN,179.0,826.0
153,LYNNWOOD,674.0,849.0
153,MARSHALL,1059.0,781.0
153,MARSTELL,1154.0,1297.0
153,MC COART,843.0,696.0
153,MINNIEVI,446.0,982.0
153,MOHICAN,571.0,898.0
153,MONTCLAI,472.0,498.0
153,MOUNTAIN,900.0,761.0
153,MULLEN,418.0,1227.0
153,NEABSCO,286.0,870.0
153,NOKESVIL,1083.0,632.0
153,OCCOQUAN,409.0,668.0
153,OLD BRID,337.0,936.0
153,PATTIE,709.0,883.0
153,PENN,0.0,0.0
153,PINEY BR,775.0,1061.0
153,PORTER,269.0,1230.0
153,POTOMAC,395.0,1781.0
153,POTOMAC ,383.0,672.0
153,POWELLS ,229.0,1113.0
153,QUANTICO,195.0,178.0
153,REAGAN,940.0,731.0
153,RIPPON,512.0,1130.0
153,RIVER OA,275.0,1261.0
153,ROCKLEDG,390.0,640.0
153,ROSA PAR,443.0,861.0
153,SARATOGA,323.0,717.0
153,SAUNDERS,407.0,968.0
153,SIGNAL H,675.0,610.0
153,SPRIGGS,857.0,1329.0
153,SPRINGWO,319.0,753.0
153,STONEWAL,615.0,1298.0
153,SUDLEY,529.0,649.0
153,SWANS CR,494.0,1515.0
153,TRIANGLE,0.0,0.0
153,TYLER,824.0,1019.0
153,VICTORY,1013.0,1273.0
153,WASHINGT,734.0,935.0
153,WESTGATE,324.0,1002.0
153,WESTRIDG,621.0,904.0
153,YATES FO,628.0,438.0
153,YORK,325.0,1253.0
153,YORKSHIR,836.0,1486.0
155,## Provi,8.0,2.0
155,BELSPRIN,421.0,156.0
155,Central ,646.0,396.0
155,DRAPER,754.0,238.0
155,DUBLIN,1137.0,375.0
155,HIWASSEE,280.0,58.0
155,MASSIE,1409.0,538.0
155,NEW RIVE,1005.0,645.0
155,NEWBERN,1116.0,466.0
155,ROBINSON,1470.0,669.0
155,SNOWVILL,648.0,201.0
155,SOUTH PU,169.0,69.0
155,WALKER,553.0,122.0
155,WEST CLO,706.0,237.0
157,## Provi,5.0,4.0
157,AMISSVIL,569.0,236.0
157,CHESTER ,280.0,77.0
157,Central ,153.0,279.0
157,FLINT HI,241.0,183.0
157,SCRABBLE,416.0,265.0
157,SPERRYVI,397.0,340.0
157,WASHINGT,478.0,363.0
159,## Provi,0.0,0.0
159,Central ,156.0,111.0
159,PRECINCT,0.0,0.0
161,## Provi,0.0,0.0
161,BENNETT ,553.0,155.0
161,BENT MOU,330.0,148.0
161,BONSACK,328.0,133.0
161,BOTETOUR,971.0,659.0
161,BURLINGT,539.0,386.0
161,CASTLE R,1369.0,928.0
161,CATAWBA,424.0,130.0
161,CAVE SPR,831.0,485.0
161,CLEARBRO,717.0,273.0
161,COTTON H,719.0,431.0
161,Central ,0.0,0.0
161,GARST MI,545.0,486.0
161,GLENVAR,952.0,393.0
161,GREEN HI,1390.0,604.0
161,HOLLINS,455.0,353.0
161,HUNTING ,1144.0,715.0
161,LINDENWO,1809.0,740.0
161,MASON VA,393.0,118.0
161,MOUNT PL,1305.0,469.0
161,MOUNT VE,628.0,415.0
161,MOUNTAIN,1422.0,649.0
161,NORTH VI,940.0,428.0
161,NORTHSID,617.0,433.0
161,OAK GROV,1265.0,820.0
161,OGDEN,614.0,567.0
161,ORCHARDS,1579.0,656.0
161,PENN FOR,640.0,388.0
161,PETERS C,1371.0,696.0
161,PLANTATI,897.0,463.0
161,POAGES M,1471.0,655.0
161,SOUTH VI,1087.0,563.0
161,WILDWOOD,736.0,294.0
161,WINDSOR ,724.0,494.0
163,## Provi,9.0,2.0
163,AIRPORT,458.0,344.0
163,BEN SALE,404.0,206.0
163,COLLIERS,356.0,224.0
163,Central ,459.0,399.0
163,EFFINGER,259.0,100.0
163,FAIRFIEL,444.0,181.0
163,FALLING ,216.0,73.0
163,GOSHEN,272.0,60.0
163,HIGHLAND,657.0,404.0
163,MAURY RI,372.0,199.0
163,MEADOWVI,317.0,244.0
163,MOUNTAIN,672.0,218.0
163,NATURAL ,443.0,168.0
163,PLANK RO,234.0,90.0
163,ROCKBRID,0.0,0.0
163,VESUVIUS,244.0,76.0
163,VO-TECH,139.0,167.0
165,## Provi,21.0,5.0
165,BERGTON,282.0,42.0
165,BRIDGEWA,1408.0,809.0
165,BROADWAY,1214.0,424.0
165,CROSS KE,311.0,95.0
165,CROSSROA,1060.0,685.0
165,Central ,1487.0,945.0
165,DAYTON,487.0,232.0
165,EDOM,1125.0,491.0
165,ELKTON,952.0,301.0
165,FULKS RU,816.0,119.0
165,GROTTOES,915.0,260.0
165,KEEZLETO,586.0,199.0
165,LACEY SP,636.0,112.0
165,LITTLE N,428.0,103.0
165,MASSANET,848.0,587.0
165,MCGAHEYS,1161.0,368.0
165,MELROSE,527.0,134.0
165,MONTEZUM,894.0,270.0
165,MT CLINT,900.0,259.0
165,MT CRAWF,129.0,56.0
165,NORTH RI,884.0,321.0
165,OTTOBINE,1229.0,191.0
165,PLAINS,617.0,148.0
165,PORT REP,989.0,285.0
165,SILVER L,964.0,480.0
165,SINGERS ,827.0,216.0
165,SOUTH FO,681.0,134.0
165,STONY RU,889.0,479.0
165,SWIFT RU,1538.0,252.0
165,TENTH LE,526.0,134.0
165,TIMBERVI,659.0,230.0
167, EAST LE,734.0,168.0
167,## Provi,3.0,0.0
167,CLEVELAN,337.0,113.0
167,COOKS MI,190.0,51.0
167,COPPER C,524.0,106.0
167,Central ,785.0,327.0
167,DANTE,217.0,58.0
167,DAUGHERT,280.0,60.0
167,DRILL,91.0,25.0
167,ELK GARD,949.0,191.0
167,HONAKER,389.0,112.0
167,MOCCASIN,654.0,111.0
167,NEW GARD,620.0,141.0
167,NORTH CA,1037.0,264.0
167,SOUTH CA,368.0,86.0
167,SWORDS C,1062.0,134.0
167,WEST LEB,1281.0,383.0
169,## Provi,5.0,2.0
169,CLARK'S,183.0,23.0
169,CLINCHPO,324.0,37.0
169,COPPER C,105.0,29.0
169,Central ,758.0,176.0
169,DUFFIELD,654.0,123.0
169,DUNGANNO,252.0,77.0
169,FAIRVIEW,142.0,41.0
169,FORT BLA,325.0,60.0
169,GATE CIT,1251.0,259.0
169,HILTONS,700.0,117.0
169,MANVILLE,199.0,27.0
169,NICKELSV,499.0,76.0
169,RYE COVE,455.0,57.0
169,SNOWFLAK,403.0,63.0
169,TWIN SPR,352.0,81.0
169,WEBER CI,0.0,0.0
169,YUMA,677.0,141.0
171,## Provi,16.0,4.0
171,CEDAR CR,73.0,43.0
171,CONICVIL,1203.0,306.0
171,Central ,1011.0,644.0
171,EDINBURG,1018.0,309.0
171,FORT VAL,553.0,153.0
171,LEBANON ,998.0,288.0
171,MT JACKS,952.0,334.0
171,NEW MARK,1560.0,497.0
171,ORKNEY S,588.0,238.0
171,ST LUKE,1094.0,264.0
171,STRASBUR,1877.0,853.0
171,TOMS BRO,1408.0,457.0
171,WOODSTOC,1743.0,883.0
173,## Provi,3.0,4.0
173,ADWOLFE,965.0,139.0
173,ATKINS,871.0,174.0
173,CHILHOWI,1162.0,248.0
173,Central ,545.0,256.0
173,EAST PAR,758.0,262.0
173,KONNAROC,80.0,16.0
173,RICH VAL,339.0,116.0
173,ROYAL OA,0.0,0.0
173,SALTVILL,1219.0,306.0
173,SEVEN MI,937.0,193.0
173,ST CLAIR,345.0,44.0
173,SUGAR GR,492.0,145.0
173,WASSONA,466.0,256.0
173,WEST PAR,355.0,168.0
175,## Provi,0.0,0.0
175,BERLIN,504.0,95.0
175,BLACKWAT,164.0,308.0
175,BOYKINS,337.0,480.0
175,BRANCHVI,154.0,115.0
175,CAPRON,330.0,309.0
175,COURTLAN,514.0,375.0
175,Central ,300.0,274.0
175,DREWRYVI,228.0,255.0
175,FORKS-OF,238.0,202.0
175,HUNTERDA,698.0,302.0
175,IVOR,491.0,331.0
175,NEWSOMS,424.0,232.0
175,SEBRELL,362.0,247.0
175,SEDLEY,291.0,70.0
177,## Provi,0.0,0.0
177,BATTLEFI,910.0,867.0
177,BELMONT,996.0,352.0
177,BLAYDES ,1178.0,462.0
177,BRENTS M,0.0,0.0
177,BROCK,1350.0,563.0
177,BROKENBU,921.0,309.0
177,CHANCELL,1254.0,1047.0
177,COURTHOU,1214.0,682.0
177,Central ,0.0,0.0
177,FAIRVIEW,0.0,0.0
177,GAYLE,0.0,0.0
177,HAZEL RU,1267.0,1062.0
177,LEE HILL,1394.0,1279.0
177,MASSAPON,1182.0,724.0
177,NI RIVER,1160.0,451.0
177,PARKSIDE,0.0,0.0
177,PARTLOW,1139.0,360.0
177,PIEDMONT,862.0,628.0
177,PLANK RO,1232.0,884.0
177,POST OAK,1070.0,328.0
177,RIVERBEN,1585.0,924.0
177,SALEM,1213.0,1015.0
177,SMITH ST,1510.0,1416.0
177,SUMMIT,1192.0,1034.0
177,TRAVELER,0.0,0.0
177,WILDERNE,0.0,0.0
179,## Provi,28.0,29.0
179,AQUIA,269.0,462.0
179,BARRETT,471.0,502.0
179,BROOKE,1507.0,830.0
179,CHATHAM,1174.0,932.0
179,COLLEGE,1492.0,1009.0
179,COURTHOU,1054.0,1534.0
179,Central ,3801.0,4618.0
179,DREW,1077.0,750.0
179,ENGLAND ,428.0,735.0
179,FALMOUTH,994.0,767.0
179,FERRY FA,1172.0,673.0
179,GAYLE,727.0,938.0
179,GOVERNME,980.0,625.0
179,GRAFTON,1721.0,977.0
179,GRIFFIS,563.0,1013.0
179,HAMPTON,1468.0,1231.0
179,HARBOUR,796.0,519.0
179,HARTWOOD,2214.0,965.0
179,ROCK HIL,1060.0,750.0
179,ROCKY RU,837.0,689.0
179,ROSEVILL,1256.0,1037.0
179,RUBY,1279.0,453.0
179,SIMPSON,1212.0,740.0
179,STEFANIG,1424.0,895.0
179,WHITE OA,1591.0,698.0
179,WHITSON,841.0,1170.0
179,WIDEWATE,1107.0,1302.0
179,WOODLAND,1325.0,1065.0
181,## Provi,34.0,203.0
181,BACONS C,306.0,517.0
181,CARSLEY,353.0,457.0
181,CLAREMON,253.0,259.0
181,DENDRON,195.0,229.0
181,SPRING G,5.0,48.0
181,SURRY,512.0,327.0
181,WALLS BR,161.0,232.0
183,## Provi,0.0,3.0
183,BLACKWAT,316.0,189.0
183,COURTHOU,378.0,207.0
183,Central ,132.0,219.0
183,HENRY,187.0,342.0
183,LITTLE M,63.0,94.0
183,MARS HIL,248.0,420.0
183,NEWVILLE,161.0,115.0
183,STONY CR,168.0,412.0
183,WAKEFIEL,153.0,23.0
183,WAVERLY,151.0,612.0
183,WEST WAK,15.0,79.0
183,YALE,83.0,164.0
185,## Provi,8.0,0.0
185,ABBS VAL,280.0,52.0
185,ADRIA,381.0,45.0
185,AMONATE,78.0,12.0
185,BANDY,168.0,22.0
185,BAPTIST ,313.0,55.0
185,BISHOP,150.0,21.0
185,BOISSEVA,205.0,48.0
185,BURKES G,101.0,16.0
185,CEDAR BL,1638.0,223.0
185,CLEAR FO,408.0,52.0
185,Central ,1262.0,376.0
185,FALLS MI,405.0,47.0
185,FREESTON,129.0,26.0
185,GAP STOR,348.0,53.0
185,GRAHAM,1733.0,399.0
185,JEFFERSO,1801.0,450.0
185,JEWELL R,204.0,28.0
185,POCAHONT,152.0,62.0
185,POUNDING,511.0,83.0
185,RAVEN,623.0,96.0
185,RICHLAND,1740.0,356.0
185,SPRINGVI,1061.0,129.0
185,THOMPSON,422.0,66.0
185,TIP TOP,358.0,69.0
185,WARDELL,689.0,109.0
187,## Provi,11.0,4.0
187,BENTONVI,495.0,167.0
187,BROWNTOW,383.0,150.0
187,Central ,935.0,672.0
187,EAST SHE,1732.0,510.0
187,FORK TOW,637.0,360.0
187,HAPPY CR,1167.0,539.0
187,LINDEN,1033.0,466.0
187,NORTH RI,888.0,484.0
187,OTTERBUR,1521.0,479.0
187,RIVERTON,1077.0,379.0
187,SOUTH RI,1167.0,639.0
187,WEST SHE,727.0,320.0
191,## Provi,11.0,5.0
191,204 WOOD,776.0,242.0
191,BURSON P,1407.0,197.0
191,CLINCHBU,588.0,101.0
191,Central ,1743.0,848.0
191,DAMASCUS,687.0,259.0
191,EAST ABI,1420.0,580.0
191,GLADE SP,1052.0,287.0
191,GREEN CO,133.0,30.0
191,GREENDAL,941.0,180.0
191,HAYTERS ,357.0,63.0
191,HIGH POI,1102.0,190.0
191,JOHN BAT,1201.0,274.0
191,MEADOWVI,1218.0,373.0
191,MENDOTA,273.0,46.0
191,RHEA VAL,1644.0,323.0
191,SOUTH AB,1108.0,507.0
191,VALLEY I,1005.0,200.0
191,WALLACE,544.0,110.0
191,WATAUGA,1361.0,396.0
191,WEST ABI,749.0,342.0
193,## Provi,11.0,10.0
193,Central ,514.0,564.0
193,PRECINCT,0.0,0.0
195,## Provi,3.0,0.0
195,APPALACH,680.0,188.0
195,BIG STON,1282.0,362.0
195,CLINCH V,1129.0,188.0
195,Central ,978.0,321.0
195,DORCHEST,486.0,102.0
195,EAST POU,349.0,50.0
195,EAST STO,1428.0,262.0
195,GUEST RI,474.0,92.0
195,NORTH CO,634.0,119.0
195,SOUTH CO,1336.0,204.0
195,ST PAUL,390.0,137.0
195,WEST POU,1280.0,250.0
195,WISE,1637.0,426.0
197,## Provi,2.0,6.0
197,603   EV,515.0,104.0
197,Central ,574.0,276.0
197,EAST WYT,1348.0,616.0
197,FORT CHI,915.0,180.0
197,HUDDLE,468.0,66.0
197,JACKSON ,625.0,138.0
197,MAX MEAD,885.0,169.0
197,ROYAL OA,447.0,55.0
197,RURAL RE,1312.0,280.0
197,SHEFFEY,966.0,149.0
197,WEST WYT,1298.0,583.0
197,ZION,691.0,148.0
199,## Provi,14.0,10.0
199,BETHEL,1496.0,1184.0
199,COVENTRY,1642.0,1208.0
199,Central ,1712.0,1657.0
199,DARE,1792.0,768.0
199,EDGEHILL,1066.0,1005.0
199,GRAFTON,845.0,466.0
199,HARWOODS,1674.0,714.0
199,KILN CRE,817.0,634.0
199,MAGRUDER,925.0,1516.0
199,QUEENS L,812.0,720.0
199,SEAFORD,2019.0,618.0
199,TABB,1705.0,955.0
199,WALLER M,1127.0,847.0
199,YORKTOWN,1191.0,697.0
510,## Provi,46.0,94.0
510,AGUDAS A,296.0,1482.0
510,BLESSED ,391.0,1186.0
510,CAMERON ,545.0,1408.0
510,CHARLES ,0.0,0.0
510,CHINQUAP,356.0,1239.0
510,CITY HAL,413.0,879.0
510,CORA KEL,380.0,2301.0
510,Central ,3069.0,15677.0
510,DOUGLAS ,500.0,1566.0
510,DURANT C,271.0,1293.0
510,FIRE DEP,351.0,1012.0
510,GEORGE M,404.0,1228.0
510,GEORGE W,397.0,2165.0
510,JAMES K ,414.0,1835.0
510,JOHN ADA,320.0,1843.0
510,LADREY S,349.0,971.0
510,LEE CENT,480.0,1696.0
510,LYLES CR,497.0,1504.0
510,MAURY SC,299.0,1294.0
510,MT VERNO,486.0,2384.0
510,NOVA ART,389.0,1722.0
510,PATRICK ,247.0,1407.0
510,SAMUEL T,413.0,2246.0
510,SOUTH PO,350.0,1376.0
510,TEMPLE B,519.0,1557.0
510,The Herm,274.0,805.0
510,WILLIAM ,285.0,1985.0
520,## Provi,8.0,3.0
520,Central ,479.0,267.0
520,FIRST WA,818.0,278.0
520,FOURTH W,1967.0,490.0
520,SECOND W,969.0,454.0
520,THIRD WA,651.0,343.0
530,## Provi,0.0,0.0
530,FIRST WA,825.0,365.0
530,SECOND W,605.0,328.0
540,## Provi,9.0,36.0
540,ALUMNI H,265.0,1300.0
540,BENJAMIN,184.0,1702.0
540,BUFORD,155.0,1265.0
540,CARVER,172.0,1778.0
540,CLARK,334.0,1967.0
540,Central ,343.0,2736.0
540,JOHNSON,425.0,1876.0
540,RECREATI,369.0,1952.0
540,VENABLE,219.0,1312.0
540,WALKER,485.0,1977.0
550,## Provi,0.0,0.0
550,B M WILL,606.0,909.0
550,BAILEY C,1049.0,399.0
550,BELLS MI,0.0,0.0
550,BETHEL,1302.0,316.0
550,BRIDGETO,832.0,477.0
550,CAMELOT,137.0,1802.0
550,CARVER S,282.0,1457.0
550,CENTERVI,1034.0,379.0
550,CHURCHLA,857.0,407.0
550,CLEARFIE,615.0,484.0
550,COOPERS ,1519.0,457.0
550,CRESTWOO,183.0,1340.0
550,CYPRESS,642.0,854.0
550,Central ,0.0,0.0
550,DEEP CRE,1421.0,1360.0
550,E W CHIT,0.0,0.0
550,EXPRESSW,198.0,433.0
550,FAIRWAYS,486.0,551.0
550,FELLOWSH,988.0,673.0
550,FENTRESS,1219.0,546.0
550,GENEVA P,834.0,606.0
550,GEORGETO,0.0,0.0
550,GILMERTO,817.0,622.0
550,GRASSFIE,317.0,159.0
550,GREAT BR,0.0,0.0
550,GREEN SE,632.0,238.0
550,GREEN TR,553.0,779.0
550,GREENBRI,1153.0,693.0
550,HICKORY ,0.0,0.0
550,INDIAN C,964.0,255.0
550,INDIAN R,426.0,820.0
550,JOHN T W,1090.0,1206.0
550,JOHNSON ,249.0,508.0
550,JOLLIFF,0.0,0.0
550,JOLLIFF ,181.0,1537.0
550,LAKE DRU,490.0,195.0
550,NANSEMON,516.0,613.0
550,NORFOLK ,691.0,434.0
550,OAK GROV,750.0,853.0
550,OAKLETTE,638.0,887.0
550,OSCAR SM,424.0,390.0
550,PARKER R,1486.0,636.0
550,PARKWAYS,613.0,820.0
550,PLEASANT,1009.0,334.0
550,POPLAR B,877.0,251.0
550,PROVIDEN,103.0,1926.0
550,PUGHSVIL,466.0,1082.0
550,RIVER BI,904.0,1028.0
550,RIVER WA,688.0,851.0
550,SHIPYARD,687.0,896.0
550,SILVERWO,1154.0,768.0
550,SOUTH NO,0.0,0.0
550,ST JULIA,417.0,430.0
550,SUNRAY I,0.0,0.0
550,TANGLEWO,949.0,385.0
550,TAYLOR R,335.0,725.0
550,WATERWAY,1465.0,1186.0
550,WESTOVER,559.0,345.0
570,## Provi,0.0,0.0
570,Central ,828.0,331.0
570,FIFTH,1250.0,351.0
570,FIRST,667.0,394.0
570,FOURTH,1103.0,536.0
570,SECOND,870.0,304.0
570,THIRD,963.0,451.0
580,## Provi,0.0,0.0
580,Central ,94.0,75.0
580,PRECINCT,0.0,0.0
590,## Provi,7.0,8.0
590,Central ,835.0,1168.0
590,WARD EIG,283.0,586.0
590,WARD ELE,483.0,976.0
590,WARD FIF,603.0,622.0
590,WARD FOU,0.0,0.0
590,WARD NIN,347.0,430.0
590,WARD ONE,49.0,384.0
590,WARD SEV,0.0,0.0
590,WARD SIX,0.0,0.0
590,WARD TEN,448.0,602.0
590,WARD THI,440.0,894.0
590,WARD THR,283.0,728.0
590,WARD TWE,615.0,971.0
590,WARD TWO,186.0,322.0
595,## Provi,0.0,1.0
595,DISTRICT,0.0,0.0
595,PRECINCT,0.0,0.0
600,## Provi,7.0,4.0
600,Central ,674.0,1747.0
600,FIVE,434.0,846.0
600,FOUR,490.0,962.0
600,ONE,478.0,919.0
600,SIX,446.0,912.0
600,THREE,650.0,1180.0
600,TWO,523.0,797.0
610,## Provi,1.0,9.0
610,Central ,293.0,2189.0
610,FIRST WA,365.0,1259.0
610,SECOND W,275.0,1044.0
610,THIRD WA,390.0,1318.0
620,## Provi,0.0,3.0
620,Central ,163.0,200.0
620,PRECINCT,0.0,0.0
630,## Provi,13.0,17.0
630,Central ,459.0,924.0
630,DISTRICT,0.0,0.0
640,## Provi,0.0,1.0
640,Central ,178.0,85.0
640,EAST,593.0,279.0
640,NORTH,442.0,184.0
640,SOUTH,390.0,132.0
650,## Provi,0.0,0.0
650,ABERDEEN,216.0,1228.0
650,ARMSTRON,636.0,1159.0
650,ASBURY,1773.0,982.0
650,BASSETTE,117.0,1644.0
650,BETHEL,740.0,1877.0
650,BOOKER,1065.0,924.0
650,BRYAN,919.0,1004.0
650,BURBANK,585.0,845.0
650,CITY HAL,183.0,890.0
650,COOPER,349.0,2092.0
650,Central ,0.0,0.0
650,EAST HAM,245.0,1813.0
650,FORREST,541.0,1073.0
650,HAMPTON ,296.0,401.0
650,JONES,237.0,654.0
650,KECOUGHT,380.0,1082.0
650,KRAFT,1176.0,1604.0
650,LANGLEY,825.0,940.0
650,LINDSAY,276.0,1288.0
650,MACHEN,678.0,1993.0
650,MALLORY,241.0,1832.0
650,PHENIX,129.0,1841.0
650,PHILLIPS,1381.0,1192.0
650,PHOEBUS,200.0,301.0
650,SANDY BO,439.0,855.0
650,SMITH,610.0,1636.0
650,SYMS,505.0,444.0
650,THOMAS,268.0,1851.0
650,TUCKER C,839.0,1376.0
650,TYLER,0.0,0.0
650,WYTHE,505.0,560.0
660, WEST,620.0,1156.0
660,## Provi,4.0,4.0
660,Central ,534.0,788.0
660,EAST,880.0,1257.0
660,EAST CEN,263.0,693.0
660,NORTHEAS,753.0,1432.0
660,NORTHWES,801.0,1079.0
660,SOUTHEAS,842.0,1302.0
660,SOUTHWES,829.0,1266.0
660,South Ea,736.0,1235.0
670,## Provi,0.0,2.0
670,Central ,358.0,395.0
670,WARD FIV,723.0,432.0
670,WARD FOU,760.0,816.0
670,WARD ONE,482.0,455.0
670,WARD SEV,365.0,591.0
670,WARD SIX,152.0,848.0
670,WARD THR,910.0,386.0
670,WARD TWO,135.0,799.0
678,## Provi,0.0,0.0
678,Central ,132.0,285.0
678,LEXINGTO,634.0,1229.0
680,## Provi,3.0,5.0
680,Central ,1068.0,1270.0
680,FIRST WA,0.0,0.0
680,FOURTH W,0.0,0.0
680,SECOND W,0.0,0.0
680,THIRD WA,0.0,0.0
683,## Provi,3.0,15.0
683,BALDWIN,797.0,1501.0
683,Central ,1100.0,1645.0
683,DEAN,1294.0,1488.0
683,HAYDON,1004.0,1350.0
683,METZ,936.0,1274.0
683,WEEMS,819.0,1150.0
685,## Provi,3.0,5.0
685,Central ,418.0,628.0
685,PRECINCT,0.0,0.0
690,## Provi,0.0,2.0
690,Central ,214.0,331.0
690,PRECINCT,0.0,0.0
700,## Provi,19.0,48.0
700,BLAND,139.0,333.0
700,BOULEVAR,846.0,754.0
700,BRIARFIE,279.0,1137.0
700,CARVER,246.0,710.0
700,CHARLES,1431.0,1154.0
700,CHESTNUT,13.0,651.0
700,Central ,1799.0,3774.0
700,DEEP CRE,1224.0,769.0
700,DEER PAR,657.0,1606.0
700,DENBIGH,537.0,1839.0
700,DOWNTOWN,85.0,384.0
700,DUNBAR,5.0,285.0
700,EPES,454.0,1952.0
700,GREENWOO,529.0,1616.0
700,HIDENWOO,687.0,452.0
700,HILTON,790.0,740.0
700,HUNTINGT,12.0,592.0
700,JEFFERSO,11.0,571.0
700,JENKINS,799.0,1435.0
700,KILN CRE,1176.0,1578.0
700,LEE HALL,467.0,1300.0
700,MAGRUDER,10.0,654.0
700,MARSHALL,20.0,887.0
700,MCINTOSH,373.0,1264.0
700,NELSON,1372.0,1292.0
700,NEWMARKE,444.0,1262.0
700,NEWSOME ,3.0,239.0
700,OYSTER P,221.0,326.0
700,PALMER,707.0,1135.0
700,REED,29.0,1270.0
700,RESERVOI,844.0,1878.0
700,RICHNECK,925.0,1513.0
700,RIVER,363.0,550.0
700,RIVERSID,589.0,421.0
700,RIVERVIE,930.0,718.0
700,SANFORD,472.0,289.0
700,SAUNDERS,972.0,1238.0
700,SEDGEFIE,644.0,631.0
700,SOUTH MO,553.0,1058.0
700,WARWICK,401.0,531.0
700,WASHINGT,8.0,375.0
700,WATKINS,1523.0,1409.0
700,WELLESLE,698.0,1007.0
700,WILSON,64.0,703.0
700,WINDSOR,480.0,752.0
700,YATES,618.0,536.0
710,## Provi,0.0,0.0
710,AZALEA G,481.0,513.0
710,BALLENTI,198.0,1264.0
710,BARRON B,436.0,643.0
710,BAYVIEW,828.0,934.0
710,BERKLEY,13.0,1221.0
710,BRAMBLET,12.0,839.0
710,BROAD CR,63.0,1798.0
710,CAMPOSTE,50.0,1207.0
710,CHESTERF,42.0,1362.0
710,CHRYSLER,593.0,1356.0
710,COLEMAN ,153.0,719.0
710,CROSSROA,788.0,851.0
710,Central ,0.0,0.0
710,EAST OCE,810.0,1040.0
710,EASTON,627.0,925.0
710,FAIRLAWN,472.0,710.0
710,GHENT SQ,223.0,578.0
710,GRANBY,0.0,0.0
710,INGLESID,151.0,1181.0
710,LAFAYETT,203.0,977.0
710,LAKE TAY,450.0,903.0
710,LAMBERT',209.0,1757.0
710,LARCHMON,0.0,0.0
710,LARRYMOR,561.0,858.0
710,LINDENWO,82.0,900.0
710,LITTLE C,579.0,538.0
710,MAURY,375.0,1106.0
710,NORTHSID,673.0,662.0
710,NORVIEW,480.0,1978.0
710,OCEAN VI,0.0,0.0
710,PARK PLA,40.0,1086.0
710,POPLAR H,308.0,1593.0
710,PRETLOW,673.0,907.0
710,ROSEMONT,98.0,2014.0
710,RUFFNER ,16.0,498.0
710,SECOND P,656.0,1199.0
710,SHERWOOD,786.0,1655.0
710,STUART,383.0,1342.0
710,SUBURBAN,558.0,811.0
710,TANNERS ,158.0,762.0
710,TARRALLT,977.0,703.0
710,TAYLOR E,422.0,1380.0
710,THIRD PR,998.0,790.0
710,TITUSTOW,0.0,0.0
710,UNION CH,13.0,770.0
710,WESLEY,424.0,862.0
710,WILLARD,926.0,1222.0
710,YOUNG PA,26.0,1519.0
720,## Provi,0.0,0.0
720,EAST WAR,1021.0,383.0
730,## Provi,3.0,16.0
730,Central ,248.0,2032.0
730,FIFTH WA,99.0,1361.0
730,FIRST WA,125.0,1210.0
730,FOURTH W,219.0,1249.0
730,SECOND W,175.0,1724.0
730,SEVENTH ,146.0,1513.0
730,SIXTH WA,36.0,1301.0
730,THIRD WA,400.0,1615.0
735,## Provi,4.0,2.0
735,CENTRAL,1432.0,424.0
735,Central ,541.0,254.0
735,EASTERN,1630.0,451.0
735,WESTERN,1485.0,470.0
740,## Provi,22.0,35.0
740,007- PAR,191.0,627.0
740,033- PIN,627.0,214.0
740,034- CHU,665.0,467.0
740,BRIGHTON,30.0,1011.0
740,CAVALIER,32.0,1155.0
740,CHURCHLA,0.0,0.0
740,CRADOCK ,322.0,814.0
740,Central ,860.0,3200.0
740,EMANUEL ,386.0,804.0
740,FAIRVIEW,348.0,360.0
740,FORWARD ,498.0,626.0
740,GROVE BA,237.0,1926.0
740,HAMPTON ,15.0,866.0
740,HODGES M,587.0,355.0
740,JOHN F. ,19.0,729.0
740,JOHN TYL,516.0,625.0
740,LAKEVIEW,40.0,1452.0
740,MT. HERM,19.0,960.0
740,NOBLE ST,251.0,660.0
740,PORT NOR,265.0,421.0
740,SAINT AN,584.0,247.0
740,SCOTTISH,1177.0,1304.0
740,ST. MARK,14.0,762.0
740,THE RESC,756.0,305.0
740,THIRD BA,189.0,1032.0
740,VICTORY ,428.0,902.0
740,WEST PAR,663.0,1061.0
740,WESTHAVE,691.0,411.0
740,WILLETT ,318.0,603.0
740,WILLIAM ,28.0,1165.0
750,## Provi,1.0,2.0
750,CENTRAL ,672.0,701.0
750,Central ,194.0,271.0
750,EAST PRE,865.0,1339.0
750,WEST PRE,906.0,612.0
760,## Provi,8.0,77.0
760,Central ,1095.0,5964.0
760,EIGHT HU,0.0,0.0
760,FIVE HUN,0.0,0.0
760,FOUR HUN,0.0,0.0
760,NINE HUN,0.0,0.0
760,ONE HUND,0.0,0.0
760,SEVEN HU,0.0,0.0
760,SIX HUND,0.0,0.0
760,THREE HU,0.0,0.0
760,TWO HUND,0.0,0.0
770,## Provi,25.0,29.0
770,001 -Pet,303.0,1220.0
770,003 -Pre,1003.0,701.0
770,Central ,1418.0,2889.0
770,Crystal ,854.0,949.0
770,Deyerle,950.0,756.0
770,EUREKA P,137.0,1744.0
770,East Gat,1016.0,577.0
770,Forest P,88.0,829.0
770,GARDEN C,1057.0,551.0
770,Grandin ,782.0,878.0
770,Grandvie,539.0,1037.0
770,Highland,375.0,1034.0
770,Hollins ,827.0,839.0
770,LEE-HI,694.0,917.0
770,Lincoln ,84.0,1132.0
770,OLD TO B,469.0,1200.0
770,Old Sout,565.0,1016.0
770,RALEIGH ,731.0,1120.0
770,SOUTH RO,804.0,689.0
770,Southeas,704.0,537.0
770,Summit H,636.0,880.0
770,Williams,728.0,762.0
775,## Provi,0.0,0.0
775,BEVERLY ,497.0,185.0
775,CONEHURS,424.0,258.0
775,Central ,702.0,556.0
775,EAST SAL,293.0,159.0
775,HIDDEN V,972.0,548.0
775,NORTH SA,0.0,0.0
775,SOUTH SA,0.0,0.0
775,SOUTH SI,984.0,415.0
775,WEST SAL,682.0,307.0
790,## Provi,0.0,0.0
790,Central ,481.0,718.0
790,WARD NO ,0.0,0.0
790,WARD TWO,1276.0,947.0
800,## Provi,0.0,0.0
800,AIRPORT,612.0,353.0
800,BELLEHAR,344.0,768.0
800,BENNETTS,841.0,817.0
800,BOOKER T,0.0,0.0
800,BURBAGE ,592.0,1165.0
800,CHUCKATU,821.0,507.0
800,Central ,0.0,0.0
800,DRIVER,1735.0,886.0
800,EBENEZER,917.0,400.0
800,ELEPHANT,275.0,224.0
800,HARBOURV,887.0,907.0
800,HILLPOIN,562.0,893.0
800,HOLLAND,1178.0,626.0
800,HOLLYWOO,24.0,724.0
800,HUNTERSV,271.0,1488.0
800,JOHN F K,0.0,0.0
800,KILBYS M,1314.0,732.0
800,KINGS FO,695.0,1129.0
800,LAKE COH,0.0,0.0
800,LAKESIDE,631.0,977.0
800,NANSEMON,620.0,1015.0
800,OLDE TOW,0.0,0.0
800,PITTMANT,250.0,198.0
800,SHOULDER,296.0,448.0
800,SOUTHSID,0.0,0.0
800,WHALEYVI,822.0,265.0
800,WHITE MA,174.0,333.0
800,WILROY,595.0,488.0
810,## Provi,126.0,149.0
810,ALANTON,1142.0,709.0
810,ARAGONA,1204.0,1071.0
810,ARROWHEA,1077.0,710.0
810,AVALON,1284.0,1168.0
810,BAKER,222.0,1523.0
810,BAYSIDE,881.0,664.0
810,BELLAMY,609.0,936.0
810,BLACKWAT,503.0,146.0
810,BONNEY,713.0,699.0
810,BRANDON,900.0,947.0
810,BROOKWOO,823.0,797.0
810,BUCKNER,562.0,969.0
810,CAPE HEN,1091.0,888.0
810,CAPPS SH,836.0,215.0
810,CENTERVI,1157.0,880.0
810,CHESAPEA,724.0,658.0
810,CHIMNEY ,514.0,902.0
810,COLLEGE ,544.0,1599.0
810,COLONIAL,844.0,795.0
810,COLONY,1197.0,734.0
810,CORPORAT,1070.0,910.0
810,COURTHOU,1148.0,551.0
810,CREEDS,785.0,190.0
810,CROMWELL,645.0,673.0
810,CULVER,1272.0,875.0
810,Central ,13964.0,14149.0
810,DAHLIA,527.0,936.0
810,DAM NECK,657.0,460.0
810,DAVIS CO,403.0,1315.0
810,EASTERN ,401.0,458.0
810,EDINBURG,588.0,357.0
810,EDWIN,1054.0,717.0
810,FAIRFIEL,862.0,694.0
810,FOXFIRE,1362.0,679.0
810,GLENWOOD,879.0,917.0
810,GREAT NE,1313.0,582.0
810,GREEN RU,557.0,1040.0
810,HAYGOOD,985.0,822.0
810,HILLCRES,890.0,690.0
810,HILLTOP,531.0,681.0
810,HOLLAND,678.0,1038.0
810,HOMESTEA,1137.0,1001.0
810,HUNT,1035.0,579.0
810,INDEPEND,345.0,552.0
810,INDIAN L,695.0,766.0
810,INDIAN R,567.0,970.0
810,KINGS GR,1382.0,790.0
810,KINGSTON,772.0,436.0
810,LAKE CHR,900.0,728.0
810,LAKE JOY,728.0,441.0
810,LAKE SMI,654.0,389.0
810,LANDSTOW,1066.0,872.0
810,LARKSPUR,651.0,627.0
810,LEXINGTO,653.0,981.0
810,LINKHORN,1003.0,692.0
810,LITTLE N,801.0,506.0
810,LONDON B,1077.0,894.0
810,LYNNHAVE,1078.0,595.0
810,MAGIC HO,645.0,1145.0
810,MALIBU,1082.0,820.0
810,MANOR,934.0,702.0
810,MT TRASH,1166.0,956.0
810,NEWTOWN,248.0,1415.0
810,NORTH BE,1392.0,793.0
810,NORTH LA,855.0,611.0
810,OCEAN LA,832.0,562.0
810,OCEAN PA,782.0,589.0
810,OCEANA,411.0,796.0
810,OLD DONA,715.0,600.0
810,PEMBROKE,1111.0,1063.0
810,PINEWOOD,554.0,393.0
810,PLAZA,864.0,959.0
810,PLEASANT,500.0,976.0
810,POINT O ,880.0,608.0
810,RED WING,977.0,549.0
810,ROCK LAK,787.0,1088.0
810,ROSEMONT,1182.0,1229.0
810,ROUND HI,417.0,494.0
810,RUDEE,1111.0,645.0
810,SEATACK,785.0,1037.0
810,SHANNON,830.0,672.0
810,SHELBURN,823.0,569.0
810,SHELL,409.0,1006.0
810,SHELTON ,635.0,640.0
810,SHERRY P,703.0,487.0
810,SIGMA,1804.0,824.0
810,SOUTH BE,991.0,859.0
810,STRATFOR,919.0,667.0
810,STRAWBRI,1198.0,668.0
810,TALLWOOD,738.0,981.0
810,THALIA,786.0,543.0
810,THOROUGH,1108.0,868.0
810,TIMBERLA,537.0,1186.0
810,TRANTWOO,1092.0,622.0
810,UPTON,1379.0,825.0
810,VILLAGE,517.0,989.0
810,WINDSOR ,889.0,1227.0
810,WITCHDUC,1384.0,817.0
810,WOLFSNAR,1184.0,840.0
820,## Provi,3.0,2.0
820,Central ,341.0,331.0
820,WARD A,701.0,634.0
820,WARD B,1225.0,969.0
820,WARD C,962.0,740.0
820,WARD D,1569.0,1088.0
830,## Provi,4.0,7.0
830,Central ,318.0,595.0
830,MATOAKA,723.0,2411.0
830,STRYKER,880.0,2193.0
840,## Provi,3.0,3.0
840,Central ,491.0,707.0
840,FREDERIC,430.0,379.0
840,MERRIMAN,884.0,896.0
840,OLD TOWN,711.0,642.0
840,ROLLING ,861.0,714.0
840,VIRGINIA,637.0,985.0
840,WAR MEMO,773.0,838.0
