,Locality,Precinct ID,Precinct Name,Num Precincts
0,ACCOMACK COUNTY,"602,502,403,803,201,901,101,701,802,601,202,501,401,301,402,801","TANGIER,RUE,SAXIS,WACHAPREAGUE,ATLANTIC,PAINTER,CHINCOTEAGUE,NANDUA,MELFA,ACCOMAC,GREENBACKVILLE,MAPPSVILLE,BLOXOM,NEW CHURCH,PARKSLEY,BOBTOWN",16
1,ALBEMARLE COUNTY,"504,501,402,506,301,106,305,606,304,306,601,502,103,302,603,604,202,104,507,201,307,406,101,401,203,105,407,405,503,602","FREE BRIDGE,KESWICK,MONTICELLO,BAKER-BUTLER,IVY,NORTHSIDE,COUNTRY GREEN,MECHUMS RIVER,EAST IVY,PORTERS,CROZET,STONY POINT,BRANCHLANDS,RED HILL,EARLYSVILLE,BROWNSVILLE,UNIVERSITY,AGNOR-HURT,PANTOPS,JACK JOUETT,YELLOW MOUNTAIN,STONE ROBINSON,WOODBROOK,SCOTTSVILLE,GEORGETOWN,DUNLORA,BISCUIT RUN,CALE,HOLLYMEAD,FREE UNION",30
2,ALEXANDRIA CITY,"107,103,106,109,111,105,104,303,110,305,302,102,207,202,209,203,101,307,206,306,210,308,205,208,304,108,204,201","MT VERNON RECREATION CENTER,LYLES CROUCH SCHOOL,CORA KELLY,FIRE DEPARTMENT HEADQUARTERS,POTOMAC YARD,LEE CENTER,DURANT CENTER,CHARLES E BEATLEY LIBRARY,CHARLES HOUSTON CENTER,JOHN ADAMS SCHOOL,PATRICK HENRY REC CENTER,CITY HALL,TEMPLE BETH EL SYNAGOGUE,GEORGE MASON SCHOOL,JAMES K POLK SCHOOL,AGUDAS ACHIM SYNAGOGUE,LADREY SENIOR BUILDING,SOUTH PORT,CHINQUAPIN PARK RECREATION CTR,WILLIAM RAMSAY SCHOOL,THE HERMITAGE,CAMERON STATION COMMUNITY CTR,DOUGLAS MACARTHUR SCHOOL,NOVA ARTS CENTER,SAMUEL TUCKER SCHOOL,GEORGE WASHINGTON MIDDLE SCH,BLESSED SACRAMENT CHURCH,MAURY SCHOOL",28
3,ALLEGHANY COUNTY,"301,401,501,402,302,202,101,502,601,103,701,201","CALLAGHAN,LOW MOOR,IRON GATE,JACKSON HEIGHTS,GRIFFITH,DOLLY ANN,ARRITT,PETERS SWITCH,DISTRICT 1,DAMERON,DISTRICT 2,HUMPBACK BRIDGE",12
4,AMELIA COUNTY,"201,301,401,501,101","NUMBER TWO,NUMBER THREE,NUMBER FOUR,NUMBER FIVE,NUMBER ONE",5
5,AMHERST COUNTY,"302,501,401,201,402,101,202,102,103,303,301","ELON,MADISON,AMELON,COURT HOUSE,LONCO,WRIGHT SHOP,TEMPERANCE,NEW GLASGOW,COOLWELL,PLEASANT VIEW,MONROE",11
6,APPOMATTOX COUNTY,"502,401,501,202,302,201,301,102,101","AGEE,COURTHOUSE,OAKVILLE,SPOUT SPRING,STONEWALL,CHAP,US 460,PAMPLIN,VERA",9
7,ARLINGTON COUNTY,"003,016,044,026,037,023,036,047,017,019,027,015,001,048,034,006,025,030,038,031,002,040,022,028,054,011,049,042,033,043,046,012,045,005,051,020,014,007,021,013,050,009,041,010,004,039,029,024,032,008,053,035,018,052","AURORA HILLS,LYON VILLAGE,DAWSON TERRACE,FILLMORE,NOTTINGHAM,WESTOVER,MARSHALL,FOUR MILE RUN,OVERLEE KNOLLS,ROSSLYN,JEFFERSON,LYON PARK,ARLINGTON,AUSA,YORKTOWN,CRYSTAL CITY,ARLINGTON FOREST,GLEBE,ARLINGTON VIEW,LEXINGTON,ASHTON HEIGHTS,VIRGINIA SQUARE,ABINGDON,WAKEFIELD,GARFIELD PARK,EAST FALLS CHURCH,MONROE,SHIRLINGTON,ROCK SPRING,CAMPBELL,CENTRAL,FAIRLINGTON,BUCKINGHAM,BARCROFT,TAYLOR,THRIFTON,CLARENDON,CHERRYDALE,VIRGINIA HIGHLANDS,GLEN CARLYN,CRYSTAL PLAZA,COLUMBIA,NAVY LEAGUE,WILSON,BALLSTON,ASHLAWN,DOMINION HILLS,WOODLAWN,OAKRIDGE,HUME,MET PARK,MADISON,PARK LANE,GUNSTON",54
8,AUGUSTA COUNTY,"403,601,803,301,801,303,502,802,602,304,501,405,201,504,401,404,101,603,102,302,202,503,203,103,402","CRAIGSVILLE,SHERANDO,WILSON,FORT DEFIANCE,DOOMS,MOUNT SOLON,MIDDLEBROOK,FISHERSVILLE,RIDGEVIEW,CHURCHVILLE FIRE STATION,GREENVILLE,CEDAR GREEN,CRIMORA,WHITE HILL,BUFFALO GAP,DEERFIELD,JOLIVUE,LYNDHURST,STUARTS DRAFT ELEMENTARY,NORTH RIVER,NEW HOPE,SPOTTSWOOD,WEYERS CAVE,VERONA,CHURCHVILLE ELEMENTARY",25
9,BATH COUNTY,"302,102,101,501,201,301,401","BURNSVILLE,MOUNTAIN GROVE,WARM SPRINGS,HEALING SPRINGS,HOT SPRINGS,FAIRVIEW,MILLBORO",7
10,BEDFORD COUNTY,"404,602,401,102,301,504,203,302,101,305,503,502,205,202,702,505,103,201,402,704,601,701,506,304,703,604,603,306,303,204,403,104","ST. PAUL BAPTIST CHURCH,SHADY GROVE FIRE DEPARTMENT,FOREST ELEMENTARY SCHOOL,HARDY VOL FIRE CO,NEW LONDON ACADEMY,SUCK SPRINGS BAPTIST CHURCH,MONETA ELEM SCHOOL,BEDFORD REGIONAL WATER AUTH,GOODVIEW ELEM SCHOOL,HUDDLESTON ELEM SCHOOL,SEDALIA CENTER,BIG ISLAND ELEM SCHOOL,SAUNDERS VOL FIRE CO,STAUNTON RIVER HIGH SCHOOL,LIBERTY HIGH SCHOOL,BOONSBORO ELEMENTARY SCHOOL,CHAMBLISSBURG BAPTIST CHURCH,BEDFORD CHRISTIAN CHURCH,THOMAS JEFFERSON ELEM SCHOOL,BEDFORD CENTRAL LIBRARY,MONTVALE ELEM SCHOOL,GOODE VOL RESCUE SQUAD,BOONSBORO RURITAN CLUB,THE WELL CHURCH,THAXTON BAPTIST CHURCH #2,BEDFORD WELCOME CENTER,THAXTON BAPTIST CHURCH #1,FOREST FIRE STATION #2,BETHESDA UNITED METHODIST CHURCH,QUAKER BAPTIST CHURCH,KNIGHTS OF COLUMBUS BLDG,STEWARTSVILLE RESCUE SQUAD",32
11,BLAND COUNTY,"201,302,202,301,102,401,101","DAVIS,MECHANICSBURG,SEDDON,HOLLYBROOK,CERES,ROCKY GAP,BASTIAN",7
12,BOTETOURT COUNTY,"301,202,403,502,406,101,501,302,102,201","BUCHANAN,RAINBOW FOREST,EAGLE ROCK,CLOVERDALE,FINCASTLE,DALEVILLE,TROUTVILLE,MILL CREEK,GREENFIELD,BLUE RIDGE",10
13,BRISTOL CITY,"002,003,001,004","SECOND WARD,THIRD WARD,FIRST WARD,FOURTH WARD",4
14,BRUNSWICK COUNTY,"303,401,103,201,101,304,202,402,501,302,301,203,102","ELMORE,STURGEON,TILLMAN,DROMGOOLE,BRODNAX,SEYMOUR,EDGERTON,KING'S STORE,TOTARO,DANIELTOWN,ALBERTA,FITZHUGH,ROCK STORE",13
15,BUCHANAN COUNTY,"201,503,103,301,701,302,702,403,601,202,404,602,502,603,203,102,501","GRASSY,VANSANT,HURLEY,SLATE,WHITEWOOD,NORTH GRUNDY,CONTRARY,SOUTH GRUNDY,COUNCIL,BULL,OAKWOOD,GARDEN,FOX,HURRICANE,ROCKLICK,BLACKEY,PRATER",17
16,BUCKINGHAM COUNTY,"301,502,701,501,201,102,401,601,302,101","CURDSVILLE,GLENMORE,GOLD HILL,WRIGHTS,WHITE HALL,GEORGIA CREEK,MAYSVILLE,SLATE RIVER,NEW STORE,NEW CANTON",10
17,BUENA VISTA CITY,"001,002","FIRST WARD,SECOND WARD",2
18,CAMPBELL COUNTY,"702,301,102,303,501,703,601,602,202,101,401,402,302,701,201,502","GLADYS,EVINGTON,NEW LONDON,ALTAVISTA,SPRING HILL,MORRIS CHURCH,KINGS,CONCORD,BEDFORD SPRINGS,BROOKVILLE,THREE FORKS,COURT HOUSE,OTTER RIVER,BROOKNEAL,WALKER,YELLOW BRANCH",16
19,CAROLINE COUNTY,"202,601,302,501,201,101,102,401,402,301,502,602","SOUTH MADISON,CHILESBURG,WOODFORD,WEST MATTAPONI,NORTH MADISON,BOWLING GREEN,SPARTA,DAWN,CARMEL CHURCH,PORT ROYAL,MILFORD,LAKE",12
20,CARROLL COUNTY,"202,406,201,502,301,501,303,401,503,203,102,402,101,504,105,103,302","LAUREL FORK,WOODLAWN F,HILLSVILLE B,GLADEVILLE,HILLSVILLE C,VAUGHAN,DUGSPUR,OAKLAND,WOODLAWN E,GLADESBORO,ST PAUL,WOODLAWN D,MT BETHEL,LAUREL,FANCY GAP,LAMBSBURG,SYLVATUS",17
21,CHARLES CITY COUNTY,"101,301,201","PRECINCT 1-1,PRECINCT 3-1,PRECINCT 2-1",3
22,CHARLOTTE COUNTY,"401,302,201,702,101,602,501","KEYSVILLE,DRAKES BRANCH,RED OAK WYLLIESBURG,BACON/SAXE,COUNTY SEAT,PHENIX,CULLEN/RED HOUSE",7
23,CHARLOTTESVILLE CITY,"401,102,201,302,303,202,101,301,402","VENABLE,CLARK,CARVER,JOHNSON,BUFORD,WALKER,RECREATION,BENJAMIN TONSLER,ALUMNI HALL",9
24,CHESAPEAKE CITY,"008,056,054,010,040,022,048,025,038,047,053,031,057,059,009,020,012,019,051,058,016,001,037,043,014,028,042,052,062,063,007,029,039,049,030,003,050,041,036,005,006,017,034,061,046,045,026,015,032,033,024,004,035,011,055,002,021,044,060,027,013,018,023","SOUTH NORFOLK RECREATION,GREEN TREE,PUGHSVILLE,OSCAR SMITH,RIVER BIRCH,NORFOLK HIGHLANDS,JOLLIFF MIDDLE SCHOOL,ST JULIANS,BAILEY CREEK,GREEN SEA,FAIRWAYS,CARVER SCHOOL,CYPRESS,CLEARFIELD,BELLS MILL,E W CHITTUM,GEORGETOWN,JOLLIFF,COOPERS WAY,EXPRESSWAY,HICKORY GROVE,GREAT BRIDGE,BRIDGETOWN,PLEASANT CROSSING,GRASSFIELD,SUNRAY I,PARKWAYS,SHIPYARD ROAD,FENTRESS,POPLAR BRANCH,GREENBRIER,TANGLEWOOD,LAKE DRUMMOND,WATERWAY,SOUTH NORFOLK,CAMELOT,RIVER WALK,JOHN T WEST,GREAT BRIDGE BAPTIST CHURCH,CRESTWOOD,DEEP CREEK,INDIAN CREEK,HICKORY MIDDLE SCHOOL,CENTERVILLE,BELLS MILL II,SUNRAY II,JOHNSON PARK,B M WILLIAMS,PROVIDENCE,WESTOVER,OAKLETTE,CHURCHLAND,TAYLOR ROAD,GENEVA PARK,GEORGETOWN EAST,BETHEL,FELLOWSHIP,NANSEMOND,PARKER ROAD,SILVERWOOD,GILMERTON,INDIAN RIVER,OAK GROVE",63
25,CHESTERFIELD COUNTY,"213,212,404,513,518,306,409,109,102,205,414,202,402,317,308,313,514,416,208,508,302,503,108,407,516,511,406,415,417,403,413,410,211,210,515,104,304,401,506,207,111,215,206,303,509,105,204,315,310,110,405,316,309,502,305,318,504,510,307,209,203,106,201,101,408,505,501,214,112,107,507,517,301,411,103","SOUTHSIDE,ST. LUKE'S,PROVIDENCE,BEAUFONT,MIDLOTHIAN NORTH,WINTERPOCK,MANCHESTER,ELIZABETH SCOTT,SOUTH CHESTER,FALLING CREEK,CRENSHAW,BEULAH,GENITO,BIRKDALE,SOUTH MANCHESTER,WOOLRIDGE,WATKINS,EVERGREEN WEST,MEADOWBROOK,BELGRADE,DEER RUN,MIDLOTHIAN,ECOFF,MONACAN,POCOSHOCK,BLACK HEATH,SMOKETREE,EVERGREEN,EDGEWATER,BRANDERMILL,SHENANDOAH,WAGSTAFF,NASH,FIVE FORKS,DAVIS,NORTH CHESTER,WINFREES STORE,HARBOUR POINTE,GREENFIELD,CHIPPENHAM,IRON BRIDGE,NORTH BIRD,BELMONT,MATOACA,CRANBECK,DREWRYS BLUFF,JACOBS,BAILEY BRIDGE,TOMAHAWK,DUTCH GAP,LA PRADE,SPRING RUN,SKINQUARTER,CRESTWOOD,BEACH,WEST BEACH,ROBIOUS,SYCAMORE,COSBY,SALEM CHURCH,BIRD,HARROWGATE,GATES,BELLWOOD,REAMS,BON AIR,HUGUENOT,HOPKINS,CARVER,WELLS,SALISBURY,ROSELAND,ETTRICK,SWIFT CREEK,ENON",75
26,CLARKE COUNTY,"301,101,201,302,501,502,401","MILLWOOD,RUSSELL,BERRYVILLE,PINE GROVE,BUCKMARSH,BLUE RIDGE,WHITE POST",7
27,COLONIAL HEIGHTS CITY,"003,001,005,002,004","THIRD,FIRST,FIFTH,SECOND,FOURTH",5
28,COVINGTON CITY,"101,201,401,501,301","PRECINCT 1-1,PRECINCT 2-1,PRECINCT 4-1,PRECINCT 5-1,PRECINCT 3-1",5
29,CRAIG COUNTY,"403,301,501,101,303,201,401,402","CRAIG SPRINGS,GIVENS & REYNOLDS STORE,CRAIG CITY,COURT HOUSE,MARSHALLS STORE,AMMENDALE PRECINCT,BARBOURS CREEK,PAINT BANK",8
30,CULPEPER COUNTY,"201,502,704,602,601,703,302,501,303,702,401,603,402,304,101","EAST FAIRFAX,RIXEYVILLE,RICHARDSVILLE,PEARL SAMPLE,MITCHELLS,LIGNUM,EGGBORNSVILLE,JEFFERSONTON,CARDOVA,BRANDY STATION,ELDORADO,SOUTH RIDGE,BROWNS STORE,WILLOW SHADE,WEST FAIRFAX",15
31,CUMBERLAND COUNTY,"201,101,401,301,501","PRECINCT 2,PRECINCT 1,PRECINCT 4,PRECINCT 3,PRECINCT 5",5
32,DANVILLE CITY,"012,013,014,002,010,003,017,007,001,015,009,006,008,011,004,016","WARD TWELVE,WARD THIRTEEN,WARD FOURTEEN,WARD TWO,WARD TEN,WARD THREE,WARD SEVENTEEN,WARD SEVEN,WARD ONE,WARD FIFTEEN,WARD NINE,WARD SIX,WARD EIGHT,WARD ELEVEN,WARD FOUR,WARD SIXTEEN",16
33,DICKENSON COUNTY,"101,201,502,501,401,202,301,302,203,303","SOUTH CLINTWOOD,NORA,NORTH CLINTWOOD,TARPON,HAYSI-COLLEY,FRYING PAN,WEST DANTE,HERALD,CLINCHCO,RIDGE",10
34,DINWIDDIE COUNTY,"303,201,103,401,302,301,101,202,403,502,402,102,501","LITTLE ZION,ROHOIC,CHURCH ROAD,DINWIDDIE,NEW HOPE,REAMS,WHITE OAK,SUTHERLAND,CHERRY HILL,CHESDIN,MCKENNEY,ROCKY RUN,EDGEHILL",13
35,EMPORIA CITY,"701,201,501,101,301,401,601","DISTRICT 7,PRECINCT 2-1,PRECINCT 5-1,PRECINCT 1-1,PRECINCT 3-1,PRECINCT 4-1,DISTRICT 6",7
36,ESSEX COUNTY,"401,301,201,101","CENTRAL,SOUTH,NORTH,GREATER TAPPAHANNOCK",4
37,FAIRFAX CITY,"003,005,004,002,006,001","THREE,FIVE,FOUR,TWO,SIX,ONE",6
38,FAIRFAX COUNTY,"404,840,307,329,627,714,918,319,214,735,731,415,110,901,507,530,123,621,117,521,926,306,628,236,424,104,803,302,804,733,616,838,825,623,204,523,516,612,709,223,518,512,729,615,807,842,227,115,422,501,208,216,113,510,805,602,508,605,315,237,301,611,707,811,311,128,238,732,132,850,240,226,203,904,708,718,126,849,851,630,314,221,730,802,309,409,608,911,229,201,734,303,420,410,219,833,222,129,710,427,121,629,119,607,421,601,604,844,919,209,418,626,428,923,619,213,233,513,915,914,815,408,419,333,118,402,220,417,520,908,401,902,801,909,847,930,609,305,610,105,317,711,202,916,928,316,827,304,116,845,218,927,726,224,606,723,502,839,125,225,617,127,504,327,332,824,134,509,403,913,235,921,505,528,318,525,924,925,321,933,328,514,614,426,405,720,503,713,322,515,701,519,324,320,133,703,721,843,130,527,929,704,526,423,325,323,917,429,717,234,812,312,622,411,506,108,910,120,618,727,522,106,905,841,331,705,413,517,920,848,932,903,613,931,131,109,406,114,846,511,806,712,310","FRANCONIA,WEST SPRINGFIELD,HAYCOCK,SENECA,WOODLAWN,WALKER,CENTREVILLE,HERNDON #1,VIENNA #2,ROTONDA,TYSONS,CRESTWOOD,NORTH SPRINGFIELD,CENTRE RIDGE,LINCOLNIA,HOLMES #2,ROBINSON,GROSVENOR,WOODSON,BROOK HILL,POWELL,GREAT FALLS,LAUREL HILL,STUART,HUNTLEY,CHAPEL,CLIFTON,CHESTERBROOK,COLCHESTER,KILMER,GUNSTON,SANGSTER,CHERRY RUN,ALBAN,MADISON,POE,WEYANOKE,WAYNEWOOD,MOSBY,GLADE,COLUMBIA,SLEEPY HOLLOW,NOTTOWAY,WOODLEY,HUNT VALLEY,PARKWAY,SUNRISE VALLEY,RAVENSWORTH,VAN DORN,BAILEYS,RESTON #1,VIENNA #4,CANTERBURY,PARKLAWN,FAIRFAX STATION,BELLEVIEW,MASONVILLE,FORT HUNT,PIMMIT,MCNAIR,CHAIN BRIDGE,STRATFORD,MANTUA,POHICK,LANGLEY,CARDINAL,CAMERON GLEN,OAK MARR,MONUMENT,SOUTH RUN,COLVIN,WOLFTRAP,FLORIS,STONECROFT,MARSHALL,PINE RIDGE,BONNIE BRAE,NEWGATE,WILLOW SPRINGS,ARMY,MCLEAN,HUNTERS WOODS,PENDERBROOK,CEDAR LAKE,KENMORE,PIONEER,KIRKSIDE,NAVY,FOX MILL,ARMSTRONG,HUNTERS BRANCH,CHURCHILL,VILLAGES,ROSE HILL,WESTBRIAR,WHITE OAKS,RESTON #3,KEENE MILL,PINE SPRING,ISLAND CREEK,VILLA,SOUTH COUNTY,LAUREL,HUNTINGTON,KINGSTOWNE,BELLE HAVEN,BUCKNELL,CENTERPOINTE,GREEN TRAILS,RESTON #2,LYNBROOK,SARATOGA,PINEWOOD,BULL RUN,BELVOIR,VIENNA #1,NORTH POINT,SAINT ALBANS,VIRGINIA RUN,VALE,WOODYARD,MOUNT EAGLE,LANE,SALONA #2,LAKE BRADDOCK,CAMERON,DOGWOOD,GARFIELD,SKYLINE,HIDDEN MEADOW,BUSH HILL,BROOKFIELD,BURKE,OAK HILL,GREENBRIAR WEST,LEES CORNER,MARLAN,EL NIDO,SHERWOOD,FAIRVIEW,WESTHAMPTON,PRICE,FLINT HILL,WAPLES MILL,POPLAR TREE,SALONA #1,IRVING,COOPER,WAKEFIELD,FOUNTAINHEAD,VIENNA #6,ARMFIELD,MAGARITY,SOUTH LAKES,HOLLIN HALL,GALLOWS EAST,BARCROFT,SILVERBROOK,SIGNAL HILL,HUGHES,LORTON,BURKE CENTRE,BRISTOW,SUGARLAND,COATES,ORANGE,UNIVERSITY,PLAZA,FORESTDALE,ROCKY RUN,FRYING PAN,DEER PARK,GLEN FOREST,RIDGELEA,WESTMORELAND,WALNUT HILL,SPINDLE,OLD MILL,CLEARVIEW,COMPTON,HICKORY,CROSSROADS,RIVERSIDE,GREENSPRING,GROVETON,THOREAU,BELVEDERE,TIMBER LANE,FORESTVILLE,WESTLAWN,BLAKE,HUMMER,HERNDON #3,HERNDON #2,DANBURY,FORT BUFFALO,MERRIFIELD,FAIR LAKES,TERRA CENTRE,EDSALL,DIFFICULT RUN,FREEDOM HILL,BREN MAR,CLERMONT,HUTCHISON,SHOUSE,STONE NORTH,HYBLA VALLEY,WOODBURN,ALDRIN,VALLEY,LONGFELLOW,LORTON STATION,VIRGINIA HILLS,HOLMES #1,KINGS PARK,LONDON TOWNE,SIDEBURN,NEWINGTON,OAKTON,CAMELOT,HERITAGE,FRANKLIN,POPES HEAD,SPRING HILL,GRAHAM,FAIRFIELD,WILLSTON,CHANTILLY,FAIR OAKS,STONE SOUTH,CUB RUN,WESTGATE,CARSON,EAGLE VIEW,LITTLE RUN,HAYFIELD,OLDE CREEK,GREENBRIAR EAST,RAVENWOOD,SYDENSTRICKER,SHREVE,KIRBY",243
39,FALLS CHURCH CITY,"002,003,001","SECOND WARD,THIRD WARD,FIRST WARD",3
40,FAUQUIER COUNTY,"203,106,104,402,102,504,105,302,103,301,401,403,101,502,303,501,404,503,201,202","WARRENTON,BALDWIN RIDGE,LOIS,LEEDS,CATLETT,VINT HILL,OPAL,REMINGTON,CASANOVA,MORRISVILLE,MARSHALL,WATERLOO,KETTLE RUN,NEW BALTIMORE,BEALETON,THE PLAINS,SPRINGS VALLEY,BROAD RUN,COURTHOUSE,AIRLIE",20
41,FLOYD COUNTY,"301,501,101,201,401","COURTHOUSE,INDIAN VALLEY,LOCUST GROVE,LITTLE RIVER,BURKS FORK",5
42,FLUVANNA COUNTY,"201,501,101,301,401","COLUMBIA,RIVANNA,PALMYRA,FORK UNION,CUNNINGHAM",5
43,FRANKLIN CITY,"401,201,501,101,301,601","PRECINCT 4-1,PRECINCT 2-1,PRECINCT 5-1,PRECINCT 1-1,PRECINCT 3-1,PRECINCT 6-1",6
44,FRANKLIN COUNTY,"303,503,302,403,401,502,102,204,501,402,203,304,103,603,201,701,602,703,702,301,601,202,504","SONTAG,BOWMANS,FORK MOUNTAIN,ENDICOTT,HENRY,CALLAWAY,BURNT CHIMNEY,DUDLEY,WAIDSBORO,FERRUM,HODGESVILLE,DICKINSON,SCRUGGS,COOPERS COVE,GLADE HILL,ROCKY MOUNT EAST,BONBROOK,ROCKY MOUNT SOUTH,ROCKY MOUNT WEST,SNOW CREEK,BOONES MILL,PENHOOK,GOGGINSVILLE",23
45,FREDERICK COUNTY,"502,301,601,303,202,201,402,503,404,104,302,401,403,603,101,602,102,501,103,203,204","NEWTOWN,CLEAR BROOK,MILLBROOK,WHITE HALL,ALBIN,GAINESBOROUGH,SHENANDOAH,CANTERBURG,ARMEL,CEDAR CREEK,NEFF'S TOWN,CARPERS VALLEY,PARKIN'S MILL,GREENWOOD,RUSSELLS,ASH HOLLOW,GORE,STEPHENS CITY,KERNSTOWN,REDLAND,NAIN",21
46,FREDERICKSBURG CITY,"402,301,401,101,201","PRECINCT 2,PRECINCT 1,PRECINCT 1,PRECINCT 1,PRECINCT 1",5
47,GALAX CITY,"001,002,003","EAST,NORTH,SOUTH",3
48,GILES COUNTY,"303,103,302,101,301,203,201,202,102","NEWPORT,NARROWS,PEMBROKE,GLEN LYN,EGGLESTON,WHITE GATE,PEARISBURG,STAFFORDSVILLE,RICH CREEK",9
49,GLOUCESTER COUNTY,"202,201,101,402,103,301,502,302,102,501,401","BOTETOURT,COURTHOUSE,HARCUM,SARAHS CREEK,PEASLEY,WHITE MARSH,WALKER,ROANES,SALEM,ACHILLES,HAYES",11
50,GOOCHLAND COUNTY,"302,401,102,502,501,201,301,101,402,202","GOOCHLAND COURT HOUSE 2,SHALLOW WELL,HADENSVILLE,BLAIR ROAD,MANAKIN,THREE SQUARE,GOOCHLAND COURT HOUSE 1,FIFE,CENTERVILLE,SANDY HOOK",10
51,GRAYSON COUNTY,"203,202,106,402,101,107,105,403,301,401,103,102,302,104,108","INDEPENDENCE,ELK CREEK,RUGBY,PROVIDENCE,BRIDLE CREEK,TROUTDALE,MOUNT ROGERS,OLDTOWN,BAYWOOD,FRIES,GRANT,FLATRIDGE,FAIRVIEW,MOUTH OF WILSON,COMERS ROCK",15
52,GREENE COUNTY,"401,102,301,201,101","MIDWAY,SWIFT RUN,STANARDSVILLE,RUCKERSVILLE,DYKE",5
53,GREENSVILLE COUNTY,"202,401,103,201,102,302,402,403,101","PRECINCT 2-B,PRECINCT 4-A,PRECINCT 1-C,PRECINCT 2-A,PRECINCT 1-B,PRECINCT 3-A,PRECINCT 4-B,PRECINCT 4-C,PRECINCT 1-A",9
54,HALIFAX COUNTY,"302,304,102,403,605,702,103,603,401,203,305,701,801,101,201,202,703,601,503,502","MEADVILLE,VERNON HILL,LIBERTY,CENTER,UNION,MIDWAY,REPUBLICAN GROVE,MT CARMEL,COURTHOUSE,CLOVER,SINAI,HYCO,SOUTH BOSTON,CHILDREY,CLAYS MILL,CROSSROADS,VIRGILINA,BLACK WALNUT,SCOTTSBURG,DAN RIVER",20
55,HAMPTON CITY,"107,201,108,106,204,213,118,212,214,205,101,103,102,217,104,203,210,115,209,111,215,208,109,110,216,105,116,117,202,112","LINDSAY,BOOKER,THOMAS,ARMSTRONG,FORREST,PHILLIPS,MALLORY,BETHEL,TUCKER CAPPS,ASBURY,ABERDEEN,CITY HALL,BASSETTE,SYMS,COOPER,BURBANK,MACHEN,WYTHE,LANGLEY,HAMPTON LIBRARY,TYLER,KRAFT,PHENIX,PHOEBUS,SANDY BOTTOM,EAST HAMPTON,JONES,KECOUGHTAN,BRYAN,SMITH",30
56,HANOVER COUNTY,"301,507,106,504,101,202,704,505,209,702,206,703,506,304,602,604,701,107,303,503,210,201,406,502,305,208,705,601,105,403,401,603,104,405,203,404","CLAY,LAUREL MEADOW,KERSEY CREEK,STUDLEY,ASHLAND,BLUNTS,ELMONT,TOTOPOTOMOY,WEST HANOVER,MONTPELIER,COURTHOUSE,ROCKVILLE,GEORGETOWN,ATLEE,LEE DAVIS,HANOVER GROVE,FARRINGTON,CHICKAHOMINY,SHADY GROVE,NEWMAN,OAK HILL,BEAVERDAM,BEAVERDAM CREEK,RURAL POINT,COOL SPRING,OAK KNOLL,SOUTH ANNA,VILLAGE,BERKLEY,COLD HARBOR,BATTLEFIELD,MECHANICSVILLE,SLIDING HILL,PEBBLE CREEK,WILMINGTON PARISH,BLACK CREEK",36
57,HARRISONBURG CITY,"202,201,102,203,105,101,104,103","SOUTHWEST,NORTHWEST,EAST CENTRAL,WEST,SOUTH EAST CENTRAL,NORTHEAST,EAST,SOUTHEAST",8
58,HENRICO COUNTY,"512,419,511,505,223,502,219,215,405,411,406,221,501,417,205,311,412,301,514,409,209,114,112,106,108,308,504,310,404,222,303,105,224,508,402,302,304,117,113,217,413,218,111,314,410,515,516,415,312,204,202,407,213,216,315,309,210,307,517,101,115,220,414,103,507,416,305,418,403,408,201,306,109,206,401,207,110,503,509,513,208,313,211,518,203,214,212,102,506,510","NINE MILE,WEST END,MONTROSE,DOREY,YELLOW TAVERN,CEDAR FORK,RANDOLPH,MAPLEWOOD,GAYTON,PEMBERTON,GODWIN,STRATFORD HALL,ANTIOCH,TUCKAHOE,CANTERBURY,SHORT PUMP,PINCHBECK,CAUSEWAY,ROLFE,MAYBEURY,GLEN LEA,MONUMENT HILLS,LONGAN,HERMITAGE,HUNGARY CREEK,RIVERS EDGE,DONAHOE,SHADY GROVE,FREEMAN,WILDER,INNSBROOK,GREENDALE,ESSEX VILLAGE,HIGHLAND SPRINGS,CRESTVIEW,CEDARFIELD,JACKSON DAVIS,WESTWOOD,MAUDE TREVVETT,MOUNTAIN,RIDGEFIELD,OAKVIEW,LAKESIDE,THREE CHOPT,MOORELAND,SANDSTON,SULLIVANS,SKIPWITH,SPRINGFIELD,BROOKLAND,AZALEA,LAKEWOOD,HUNGARY,MOODY,TUCKER,SADLER,GREENWOOD,RIDGE,TOWN HALL,COALPIT,STAPLES MILL,RATCLIFFE,ROLLINGWOOD,GLEN ALLEN,ELKO,SPOTTSWOOD,NUCKOLS FARM,WELBORNE,DERBYSHIRE,LAUDERDALE,ADAMS,POCAHONTAS,HUNTON,CENTRAL GARDENS,QUIOCCASIN,CHAMBERLAYNE,JOHNSON,CHICKAHOMINY,LABURNUM,PLEASANTS,FAIRFIELD,STONEY RUN,HIGHLAND GARDENS,WHITLOCKS,BELMONT,LONGDALE,HOLLYBROOK,DUMBARTON,EANES,MEHFOUD",90
59,HENRY COUNTY,"503,504,102,402,603,502,303,305,602,601,204,405,401,103,501,404,101,203,202,304,201,302,604,505","STANLEYTOWN,OAK LEVEL,GUNVILLE,DANIELS CREEK,RIDGEWAY #1,FIGSBORO,IRISBURG,MOUNTAIN VALLEY,HILLCREST,FONTAINE,SPENCER,MOUNTAIN VIEW,COLLINSVILLE NUMBER 1,SCOTT'S TANYARD,BASSETT NUMBER ONE,COLLINSVILLE NUMBER 2,BASSETT NUMBER TWO,HORSEPASTURE #2,HORSEPASTURE #1,MOUNT OLIVET,FIELDALE,AXTON,RIDGEWAY #2,DYERS STORE",24
60,HIGHLAND COUNTY,"010,008,007,001,003,005","HEADWATERS,MCDOWELL,MILL GAP,MONTEREY,WILSONS MILL,BLUE GRASS",6
61,HOPEWELL CITY,"401,201,501,301,701,101,601","WARD FOUR,WARD TWO,WARD FIVE,WARD THREE,WARD SEVEN,WARD ONE,WARD SIX",7
62,ISLE OF WIGHT COUNTY,"102,101,402,401,505,201,301,503,302,502,504,501,403,202","CYPRESS CREEK,SMITHFIELD,WINDSOR,COURTHOUSE,RAYNOR,BARTLETT,RUSHMERE,CARRSVILLE,PONS,CAMPS MILL,ZUNI,WALTERS,LONGVIEW,CARROLLTON",14
63,JAMES CITY COUNTY,"201,103,401,304,102,202,403,301,504,203,303,204,402,503,302,101,501,104,502","JAMESTOWN A,BERKELEY C,STONEHOUSE A,POWHATAN D,BERKELEY B,JAMESTOWN B,STONEHOUSE C,POWHATAN A,ROBERTS D,JAMESTOWN C,POWHATAN C,JAMESTOWN D,STONEHOUSE B,ROBERTS C,POWHATAN B,BERKELEY A,ROBERTS A,BERKELEY D,ROBERTS B",19
64,KING & QUEEN COUNTY,"501,401,301,201,101","OLDMILL,COURTHOUSE,SHACKLEFORDS,CLARKS,OWENTON",5
65,KING GEORGE COUNTY,"201,401,301,101,102","MONROE,SHILOH,DAHLGREN,COURTHOUSE,PASSAPATANZY",5
66,KING WILLIAM COUNTY,"202,301,101,201,501,401","COURTHOUSE,AYLETT,WEST POINT,SWEET HALL,MANGOHICK,MANQUIN",6
67,LANCASTER COUNTY,"101,401,301,302,201,501","PRECINCT 1-1,PRECINCT 4-1,PRECINCT 3-1,PRECINCT 3-2,PRECINCT 2-1,PRECINCT 5-1",6
68,LEE COUNTY,"401,302,203,101,201,403,102,301,502,503,501,404,103,504,402,202","STICKLEYVILLE,WOODWAY,JONESVILLE,ELYDALE,BLACKWATER,SEMINARY,EWING,BEN HUR,PENNINGTON,ROBBINS CHAPEL,SAINT CHARLES,DRYDEN,ROSE HILL,KEOKEE,JASPER,FLATWOODS",16
69,LEXINGTON CITY,001,LEXINGTON,1
70,LOUDOUN COUNTY,"701,705,621,213,303,125,422,413,312,321,708,629,623,214,311,817,219,319,119,402,208,314,810,414,507,320,622,218,416,120,502,207,310,421,820,302,628,620,403,615,707,818,411,118,709,505,710,822,510,305,122,114,617,217,209,301,112,315,308,408,814,117,504,509,123,318,409,503,508,626,619,309,215,625,210,813,307,216,506,316,420,121,703,107,815,407,108,627,501,313,124,808,702,401,819,616","SULLY,FOREST GROVE,DOMINION TRAIL,COUNTRYSIDE,HILLSBORO,ROCK RIDGE,SYCOLIN CREEK,TUSCARORA,BRIAR WOODS,BRAMBLETON MIDDLE,SENECA,DISCOVERY,WELLER,SUGARLAND NORTH,ROUND HILL ELEMENTARY,SANDERS CORNER,GALILEE CHURCH,JOHN CHAMPE,ARCOLA,WATERFORD,ALGONKIAN,LEGACY,CEDAR LANE,RED ROCK,GREENWAY,STONE HILL,FARMWELL STATION,UNIVERSITY CENTER,HAMILTON,LUNSFORD,EAST LEESBURG,RIVER BEND,MOUNTAIN VIEW,BETWEEN THE HILLS,BELMONT STATION,ROUND HILL,MOOREFIELD STATION,RUSSELL BRANCH,LUCKETTS,HILLSIDE,CLAUDE MOORE PARK,BROAD RUN,EAST LOVETTSVILLE,MOOREFIELD,MIRROR RIDGE,COOL SPRING,STERLING,RIVERSIDE,HERITAGE,PHILOMONT,HUTCHISON FARM,DULLES SOUTH,OAK GROVE,SOUTH BANK,POTOMAC FALLS,PURCELLVILLE,FREEDOM,FIREHOUSE,ST LOUIS,EVERGREEN,NEWTON,CARTER,SMARTS MILL,TOLBERT,CARDINAL RIDGE,MADISON'S TRUST,CLARKES GAP,DRY MILL,BALLS BLUFF,ASHBY PONDS,RIDGETOP,ALDIE,SUGARLAND SOUTH,MILL RUN,CASCADES,SELDENS LANDING,MIDDLEBURG,LOWES ISLAND,BRANDON PARK,CREIGHTON'S CORNER,RIVER CREEK,TOWN HALL,ROLLING RIDGE,LITTLE RIVER,BELMONT RIDGE,HARPER PARK,MERCER,ASHBROOK,WEST LEESBURG,PINEBROOK,LIBERTY,STONE BRIDGE,PARK VIEW,WEST LOVETTSVILLE,HERITAGE CHURCH,EAGLE RIDGE",96
71,LOUISA COUNTY,"201,602,702,401,501,102,503,302,202,502,601,301,101,402,701","LOUISA #1,LOCUST CREEK,SOUTH ANNA,MINERAL,FREDERICKS HALL,MECHANICSVILLE,ELK CREEK,PATRICK HENRY #2,LOUISA #2,CUCKOO,BUMPASS,PATRICK HENRY NO 1,ZION,YANCEYVILLE,SHELTONS MILL",15
72,LUNENBURG COUNTY,"201,401,601,701,502,302,501,402,101,702,301","BROWNS STORE,ARROWHEAD GUN CLUB,HOUNDS CREEK,MEHERRIN FIRE DEPARTMENT,PEOPLES COMMUNITY CENTER,FLAT ROCK,REEDY CREEK,PLEASANT GROVE,PLYMOUTH,VICTORIA PUBLIC LIBRARY,ROSEBUD",11
73,LYNCHBURG CITY,"104,301,304,305,401,302,202,102,101,103,204,201,303,404,402,105,203,403","FIRST WARD FOURTH PRECINCT,THIRD WARD FIRST PRECINCT,THIRD WARD FOURTH PRECINCT,THIRD WARD FIFTH PRECINCT,FOURTH WARD FIRST PRECINCT,THIRD WARD SECOND PRECINCT,SECOND WARD SECOND PRECINCT,FIRST WARD SECOND PRECINCT,FIRST WARD FIRST PRECINCT,FIRST WARD THIRD PRECINCT,SECOND WARD FOURTH PRECINCT,SECOND WARD FIRST PRECINCT,THIRD WARD THIRD PRECINCT,FOURTH WARD FOURTH PRECINCT,FOURTH WARD SECOND PRECINCT,FIRST WARD FIFTH PRECINCT,SECOND WARD THIRD PRECINCT,FOURTH WARD THIRD PRECINCT",18
74,MADISON COUNTY,"002,005,009,006,008,004,001,007,003","RADIANT,MADISON,ETLAN,WOLFTOWN,CRIGLERSVILLE,GRAVES MILL,OAK PARK,BRIGHTWOOD,ROCHELLE",9
75,MANASSAS CITY,"001,002,006,005,003,004","DEAN,WEEMS,ROUND,BALDWIN,METZ,HAYDON",6
76,MANASSAS PARK CITY,"003,001,002","PRECINCT THREE,PRECINCT ONE,PRECINCT TWO",3
77,MARTINSVILLE CITY,"006,002,005,003,001,004","PRECINCT #6,PRECINCT #2,PRECINCT #5,PRECINCT #3,PRECINCT #1,PRECINCT #4",6
78,MATHEWS COUNTY,"003,002,001","PIANKATANK,WESTVILLE,CHESAPEAKE",3
79,MECKLENBURG COUNTY,"604,801,601,202,101,803,103,603,401,701,501,302,203,802,102,201,402,902,903,301,602,901,702","LAKE GASTON,FINCHLEY,BASKERVILLE,BLUESTONE SENIOR HIGH SCHOOL,WRIGHTS STORE,CHASE CITY ELEMENTARY SCHOOL,SOUTH CLARKSVILLE,SMITH CROSSROADS,AMERICAN LEGION HALL,CHASE CITY,SOUTH HILL,LACROSSE,CHASE CITY VFW POST,BLUESTONE,PEARSONS STORE,BOYDTON,PARK VIEW MIDDLE SCHOOL,BUFFALO SPRINGS,CLARKSVILLE,BRACEY,UNION LEVEL,AVERETT,SUNSHINE",23
80,MIDDLESEX COUNTY,"102,201,501,401,101,302","URBANNA,NEW MARKET,WILTON,HARMONY VILLAGE,SALUDA,CHURCH VIEW",6
81,MONTGOMERY COUNTY,"501,503,401,701,304,302,402,405,203,303,702,201,204,202,602,301,101,102,502,603,404,601,403,103","PRECINCT E-1,PRECINCT E-3,PRECINCT D-1,PRECINCT G-1,PRECINCT C-4,PRECINCT C-2,PRECINCT D-2,PRECINCT D-5,PRECINCT B-3,PRECINCT C-3,PRECINCT G-2,PRECINCT B-1,PRECINCT B-4,PRECINCT B-2,PRECINCT F-2,PRECINCT C-1,PRECINCT A-1,PRECINCT A-2,PRECINCT E-2,PRECINCT F-3,PRECINCT D-4,PRECINCT F-1,PRECINCT D-3,PRECINCT A-3",24
82,NELSON COUNTY,"201,501,502,101,301,402,302,202,401","LOVINGSTON,FABER,NELLYSFORD,ROCKFISH,SHIPMAN,MONTEBELLO,GLADSTONE,SCHUYLER,ROSELAND",9
83,NEW KENT COUNTY,"502,202,102,301,302,103,201,403,501,401","CHICKAHOMINY RIVER,KENTWOOD,TUNSTALL,WATKINS,CUMBERLAND,SOUTHERN BRANCH,QUINTON,MOUNTCASTLE,ELTHAM,PROVIDENCE FORGE",10
84,NEWPORT NEWS CITY,"108,216,317,307,210,219,102,106,309,306,215,318,104,101,218,312,305,308,209,303,316,202,203,314,208,319,310,213,302,109,315,304,201,107,110,205,217,103,211,320,204,105,212,311,313","LEE HALL,YATES,WASHINGTON,HUNTINGTON,NELSON,DEER PARK,EPES,RESERVOIR,MAGRUDER,DUNBAR,WARWICK,WILSON,MCINTOSH,DENBIGH,KILN CREEK,NEWSOME PARK,DOWNTOWN,JEFFERSON,HILTON,CARVER,SOUTH MORRISON,BOULEVARD,CHARLES,RIVER,HIDENWOOD,SAUNDERS,MARSHALL,SANFORD,BRIARFIELD,WINDSOR,SEDGEFIELD,CHESTNUT,BLAND,RICHNECK,GREENWOOD,DEEP CREEK,RIVERVIEW,JENKINS,PALMER,WATKINS,WELLESLEY,OYSTER POINT,RIVERSIDE,NEWMARKET,REED",45
85,NORFOLK CITY,"203,309,218,406,501,201,304,306,212,215,210,507,411,101,207,415,511,408,214,103,403,211,510,311,213,310,303,505,402,409,506,217,106,412,404,313,413,405,102,509,305,302,504,512,503,208,414,104,301","GHENT SQUARE,NORVIEW,WILLARD,BARRON BLACK,BAYVIEW,LARCHMONT SCHOOL,COLEMAN PLACE SCHOOL,LINDENWOOD,PARK PLACE,SUBURBAN PARK,MAURY,PRETLOW,RUFFNER ACADEMY,GRANBY,LAMBERT'S POINT,LAKE TAYLOR HIGH SCHOOL,CROSSROADS,EASTON,STUART,NORTHSIDE,BRAMBLETON,CHRYSLER MUSEUM,THIRD PRESBYTERIAN,SHERWOOD,TAYLOR ELEMENTARY SCHOOL,ROSEMONT,BROAD CREEK,LITTLE CREEK,BERKLEY,FAIRLAWN,OCEAN VIEW CENTER,WESLEY,SECOND PRESBYTERIAN,INGLESIDE,CAMPOSTELLA,UNION CHAPEL,POPLAR HALLS,CHESTERFIELD,OCEAN VIEW SCHOOL,TARRALLTON,LAFAYETTE-WINONA,TANNERS CREEK,LARRYMORE,AZALEA GARDENS,EAST OCEAN VIEW,LARCHMONT LIBRARY,YOUNG PARK,TITUSTOWN,BALLENTINE",49
86,NORTHAMPTON COUNTY,"301,101,501,201,401","PRECINCT 3-1,PRECINCT 1-1,PRECINCT 5-1,PRECINCT 2-1,PRECINCT 4-1",5
87,NORTHUMBERLAND COUNTY,"101,501,201,401,302,301","1A,5A,2A,4A,3B,3A",6
88,NORTON CITY,001,EAST WARD,1
89,NOTTOWAY COUNTY,"501,402,401,302,101,301,102,201,202","PRECINCT 5-1,PRECINCT 4-2,PRECINCT 4-1,PRECINCT 3-2,PRECINCT 1-1,PRECINCT 3-1,PRECINCT 1-2,PRECINCT 2-1,PRECINCT 2-2",9
90,ORANGE COUNTY,"502,202,101,301,402,401,201,102,302,501","FIVE NORTH,TWO EAST,ONE WEST,THREE WEST,FOUR EAST,FOUR WEST,TWO WEST,ONE EAST,THREE EAST,FIVE SOUTH",10
91,PAGE COUNTY,"101,301,201,501,401","WEST LURAY,MARKSVILLE,EAST LURAY,SHENANDOAH,NEWPORT",5
92,PATRICK COUNTY,"502,201,102,401,202,302,101,503,402,103,301,203,501","ELAMSVILLE,DRY POND,CLAUDVILLE,MEADOWS OF DAN,PATRICK SPRINGS,LIBERTY,ARARAT,WOOLWINE,STUART FAIRGROUNDS,WILLIS GAP,CRITZ/STELLA,RUSSELL CREEK,STUART COMMUNITY",13
93,PETERSBURG CITY,"101,701,601,501,201,401,301","FIRST WARD FIRST PRECINCT,SEVENTH WARD FIRST PRECINCT,SIXTH WARD FIRST PRECINCT,FIFTH WARD FIRST PRECINCT,SECOND WARD FIRST PRECINCT,FOURTH WARD FIRST PRECINCT,THIRD WARD FIRST PRECINCT",7
94,PITTSYLVANIA COUNTY,"207,704,202,404,605,108,604,307,301,705,501,606,206,204,703,305,503,607,308,105,103,502,201,702,106,603,405,402,309","GRETNA,MT HERMON,BEARSKIN,KENTUCK,WHITMELL,WEST BLAIRS,SWANSONVILLE,EAST BLAIRS,CENTRAL,MT CROSS,HURT,BROSVILLE,CLIMAX,SANDY LEVEL,FERRY ROAD,RICEVILLE,RENAN,DRY FORK,MT AIRY,CHATHAM,TWIN SPRINGS,MOTLEY SYCAMORE,CALLANDS,BACHELORS HALL,TUNSTALL,STONY MILL,RINGGOLD,KEELING,EAST GRETNA",29
95,POQUOSON CITY,"002,003,001","EASTERN,WESTERN,CENTRAL",3
96,PORTSMOUTH CITY,"028,011,005,032,024,023,031,037,001,013,014,035,030,021,016,029,009,027,026,022,020,039,036,017,038,019,007,034,010,025,033","LAKEVIEW ELEMENTARY SCHOOL,MT. HERMON VILLAGE,HAMPTON ROADS COMMUNITY HEALTH CENTER,HODGES MANOR ELEMENTARY SCHOOL,WILLETT HALL,WESTHAVEN BAPTIST CHURCH,WEST PARK CHURCH OF CHRIST,CHURCHLAND MIDDLE SCHOOL,EMANUEL A. M. E. CHURCH,ST. MARK MISSIONARY BAPTIST CHURCH,BRIGHTON ELEMENTARY SCHOOL,CHURCHLAND ELEMENTARY SCHOOL,THE RESCUE CHURCH,JOHN F. KENNEDY COMMUNITY CENTER,CRADOCK MIDDLE SCHOOL,SAINT ANDREW'S UNITED METHODIST CHURCH,THIRD BAPTIST CHURCH,CAVALIER MANOR RECREATION CENTER,WILLIAM E. WATERS MIDDLE SCHOOL,ST. MARK DELIVERANCE CENTER,NOBLE STREET BAPTIST CHURCH,CHURCHLAND PRIMARY AND INTERMEDIATE SCHOOL,SCOTTISH RITE TEMPLE,VICTORY LIFE FELLOWSHIP,GROVE BAPTIST CHURCH,FAIRVIEW HEIGHTS BAPTIST CHURCH,PARK VIEW ELEMENTARY SCHOOL,CHURCHLAND BRANCH LIBRARY,PORT NORFOLK RECREATION CENTER,JOHN TYLER ELEMENTARY SCHOOL,PINECREST BAPTIST CHURCH",31
97,POWHATAN COUNTY,"502,402,103,101,102,202,302,401,501,301,201,503","PINEVILLE,MT ZION,FLAT ROCK,SUBLETTS,MANAKIN,GRACELAND,LEE'S LANDING,POWHATAN COURTHOUSE,SMITH CROSS ROADS,BETHESDA,POWHATAN STATION,TOBACCOVILLE",12
98,PRINCE EDWARD COUNTY,"201,301,601,302,801,401,502,101,701,501","LOCKETT,LEIGH,PROSPECT,MT PLEASANT,CENTER,HAMPDEN,BUFFALO HTS,FARMVILLE,WEST END,DARLINGTON HTS",10
99,PRINCE GEORGE COUNTY,"205,101,103,102,203,104,204,105,201,202","JEFFERSON PARK,RICHARD BLAND,UNION BRANCH,TEMPLETON,BRANDON,RIVES,COURTS BLDG,HARRISON,BLAND,BLACK WATER",10
100,PRINCE WILLIAM COUNTY,"511,710,402,215,605,202,209,305,403,107,510,303,607,313,611,413,509,507,206,610,213,608,705,207,310,208,204,309,314,311,514,407,601,702,408,410,214,709,101,110,504,712,301,302,112,513,711,201,512,210,109,604,505,102,706,111,404,409,506,104,609,405,106,203,401,701,306,103,707,411,508,211,406,603,501,212,307,304,503,412,703,312,704,108,606,708,105,308,602,502,205","WESTRIDGE,POWELLS CREEK,BATTLEFIELD,ROSA PARKS,MINNIEVILLE,MARSHALL,INDEPENDENT HILL,PATTIE,BULL RUN,MARSTELLER,YATES FORD,GRAHAM PARK,KERRYDALE,CARDINAL,NEABSCO,REAGAN,MC COART,CHINN,COLES,FITZGERALD,SARATOGA,ENTERPRISE,POTOMAC VIEW,SPRIGGS,FOREST PARK,HYLTON,ELLIS,ASHLAND,CABIN BRANCH,SWANS CREEK,ANTIETAM,HERITAGE HUNT,DALE,LIBRARY,SUDLEY,MOUNTAIN VIEW,LUCASVILLE,FREEDOM,BRENTSVILLE,BUCKLAND MILLS,ROCKLEDGE,LEESYLVANIA,DUMFRIES,POTOMAC,BURKE-NICKENS,LYNNWOOD,GRAYSON,SAUNDERS,YORK,PENN,PINEY BRANCH,GIDEON,MOHICAN,CEDAR POINT,RIPPON,BRISTOW RUN,BEN LOMOND,TYLER,BETHEL,NOKESVILLE,KING,STONEWALL,WESTGATE,BENNETT,EVERGREEN,BELMONT,WASHINGTON-REID,GLENKIRK,KILBY,MULLEN,SPRINGWOODS,SIGNAL HILL,ALVEY,HAMPTON,LAKE RIDGE,YORKSHIRE,HENDERSON,QUANTICO,OLD BRIDGE,CATHARPIN,LYNN,TRIANGLE,PORTER,VICTORY,BEL AIR,RIVER OAKS,LIMESTONE,MONTCLAIR,BEVILLE,OCCOQUAN,BUCKHALL",91
101,PULASKI COUNTY,"401,203,202,201,501,101,102,103,304,301,402,302","MASSIE,NEWBERN,SOUTH PULASKI,DRAPER,ROBINSON,BELSPRING,NEW RIVER,WEST CLOYD,SNOWVILLE,DUBLIN,WALKER,HIWASSEE",12
102,RADFORD CITY,"002,001,003","CENTRAL PRECINCT,EAST PRECINCT,WEST PRECINCT",3
103,RAPPAHANNOCK COUNTY,"501,502,301,201,101,401","CHESTER GAP,FLINT HILL,SPERRYVILLE,AMISSVILLE,WASHINGTON,SCRABBLE",6
104,RICHMOND CITY,"811,814,603,505,606,310,806,812,304,604,102,911,414,705,308,301,409,309,101,510,602,105,903,208,306,203,112,607,508,908,410,413,902,106,207,702,204,214,206,706,810,701,707,802,910,111,503,404,213,504,104,509,402,113,307,412,303,708,609,305,909,114,302,501,610,115,703","EIGHT HUNDRED ELEVEN,EIGHT HUNDRED FOURTEEN,SIX HUNDRED THREE,FIVE HUNDRED FIVE,SIX HUNDRED SIX,THREE HUNDRED TEN,EIGHT HUNDRED SIX,EIGHT HUNDRED TWELVE,THREE HUNDRED FOUR,SIX HUNDRED FOUR,ONE HUNDRED TWO,NINE HUNDRED ELEVEN,FOUR HUNDRED FOURTEEN,SEVEN HUNDRED FIVE,THREE HUNDRED EIGHT,THREE HUNDRED ONE,FOUR HUNDRED NINE,THREE HUNDRED NINE,ONE HUNDRED ONE,FIVE HUNDRED TEN,SIX HUNDRED TWO,ONE HUNDRED FIVE,NINE HUNDRED THREE,TWO HUNDRED EIGHT,THREE HUNDRED SIX,TWO HUNDRED THREE,ONE HUNDRED TWELVE,SIX HUNDRED SEVEN,FIVE HUNDRED EIGHT,NINE HUNDRED EIGHT,FOUR HUNDRED TEN,FOUR HUNDRED THIRTEEN,NINE HUNDRED TWO,ONE HUNDRED SIX,TWO HUNDRED SEVEN,SEVEN HUNDRED TWO,TWO HUNDRED FOUR,TWO HUNDRED FOURTEEN,TWO HUNDRED SIX,SEVEN HUNDRED SIX,EIGHT HUNDRED TEN,SEVEN HUNDRED ONE,SEVEN HUNDRED SEVEN,EIGHT HUNDRED TWO,NINE HUNDRED TEN,ONE HUNDRED ELEVEN,FIVE HUNDRED THREE,FOUR HUNDRED FOUR,TWO HUNDRED THIRTEEN,FIVE HUNDRED FOUR,ONE HUNDRED FOUR,FIVE HUNDRED NINE,FOUR HUNDRED TWO,ONE HUNDRED THIRTEEN,THREE HUNDRED SEVEN,FOUR HUNDRED TWELVE,THREE HUNDRED THREE,SEVEN HUNDRED EIGHT,SIX HUNDRED NINE,THREE HUNDRED FIVE,NINE HUNDRED NINE,ONE HUNDRED FOURTEEN,THREE HUNDRED TWO,FIVE HUNDRED ONE,SIX HUNDRED TEN,ONE HUNDRED FIFTEEN,SEVEN HUNDRED THREE",67
105,RICHMOND COUNTY,"101,301,201,501,401","PRECINCT 1-1,PRECINCT 3-1,PRECINCT 2-1,PRECINCT 5-1,PRECINCT 4-1",5
106,ROANOKE CITY,"011,016,017,009,020,007,013,001,008,006,002,014,018,012,019,010,005,015,004,003","RALEIGH COURT,DEYERLE,LEE-HI,HIGHLAND,EUREKA PARK,SOUTHEAST,GARDEN CITY,PETERS CREEK,LINCOLN TERRACE,HOLLINS ROAD,GRANDVIEW,CRYSTAL SPRING,SUMMIT HILLS,SOUTH ROANOKE,FOREST PARK,OLD SOUTHWEST-WASENA,EAST GATE,GRANDIN COURT,WILLIAMSON ROAD,PRESTON PARK",20
107,ROANOKE COUNTY,"402,404,203,504,303,202,301,501,406,104,105,304,101,106,403,502,103,306,204,102,507,107,205,305,405,108,505,201,503,506,206,302","BONSACK,SOUTH VINTON,MOUNTAIN VIEW,OGDEN,WINDSOR HILLS,BURLINGTON,BENT MOUNTAIN,COTTON HILL,MOUNT PLEASANT,NORTHSIDE,PETERS CREEK,OAK GROVE,CATAWBA,GREEN HILL,NORTH VINTON,PENN FOREST,GLENVAR,GARST MILL,BOTETOURT SPRINGS,MASON VALLEY,HUNTING HILLS,BENNETT SPRINGS,ORCHARDS,CASTLE ROCK,LINDENWOOD,WILDWOOD,CLEARBROOK,PLANTATION,CAVE SPRING,MOUNT VERNON,HOLLINS,POAGES MILL",32
108,ROCKBRIDGE COUNTY,"502,403,303,302,402,101,104,102,202,401,203,503,504,103,501,301,201","MEADOWVIEW,VESUVIUS,FALLING SPRING,NATURAL BRIDGE,MOUNTAIN VIEW,AIRPORT,EFFINGER,BEN SALEM,HIGHLAND BELLE,FAIRFIELD,VO-TECH,ROCKBRIDGE BATHS,ROCKBRIDGE,PLANK ROAD,GOSHEN,MAURY RIVER,COLLIERSTOWN",17
109,ROCKINGHAM COUNTY,"201,306,202,505,102,103,502,203,303,305,205,501,101,105,302,403,405,401,104,402,108,204,503,107,304,504,301,307,106,404","SINGERS GLEN,CROSS KEYS,EDOM,STONY RUN,TIMBERVILLE,FULKS RUN,SWIFT RUN,DAYTON,MELROSE,MASSANETTA SPRINGS,SILVER LAKE,ELKTON,BROADWAY,LACEY SPRING,PORT REPUBLIC,MT CRAWFORD,OTTOBINE,BRIDGEWATER,BERGTON,MONTEZUMA,LITTLE NORTH MOUNTAIN,MT CLINTON,MCGAHEYSVILLE,PLAINS,GROTTOES,SOUTH FORK,KEEZLETOWN,CROSSROADS,TENTH LEGION,NORTH RIVER",30
110,RUSSELL COUNTY,"501,103,304,401,303,302,402,102,202,403,101,301,602,601,201","WEST LEBANON,SOUTH CASTLEWOOD,CLEVELAND,DRILL,NEW GARDEN,DAUGHERTY,SWORDS CREEK,COPPER CREEK,DANTE,HONAKER,MOCCASIN,COOKS MILL,ELK GARDEN,EAST LEBANON,NORTH CASTLEWOOD",15
111,SALEM CITY,"010,006,001,003,007,004,008,002,005,009","HIDDEN VALLEY,SOUTH SALEM NO 1,NORTH SALEM NO 2,BEVERLY HEIGHTS,SOUTH SALEM NO 2,WEST SALEM,EAST SALEM,CONEHURST,NORTH SALEM NO 1,SOUTH SIDE HILLS",10
112,SCOTT COUNTY,"603,503,101,302,504,301,202,204,502,102,602,501,304,401,203,601,303","FAIRVIEW,MANVILLE,WEBER CITY,SNOWFLAKE,RYE COVE,NICKELSVILLE,WEBER CITY EAST,CLARK'S,FORT BLACKMORE,YUMA,DUFFIELD-PATTONSVILLE,DUNGANNON,COPPER CREEK,GATE CITY,HILTONS,CLINCHPORT,TWIN SPRINGS",17
113,SHENANDOAH COUNTY,"601,101,303,302,504,103,304,501,401,503,201,202","STRASBURG,ORKNEY SPRINGS,ST LUKE,EDINBURG,LEBANON CHURCH,NEW MARKET,FORT VALLEY,CEDAR CREEK,WOODSTOCK,TOMS BROOK,CONICVILLE,MT JACKSON",12
114,SMYTH COUNTY,"302,402,202,502,703,701,101,601,201,702,501,401,301,602","ST CLAIR,WEST PARK,RICH VALLEY,WASSONA,KONNAROCK,ADWOLFE,SALTVILLE,ROYAL OAK EAST,SEVEN MILE FORD,SUGAR GROVE,ATKINS,EAST PARK,CHILHOWIE,ROYAL OAK WEST",14
115,SOUTHAMPTON COUNTY,"602,101,201,401,301,502,302,202,102,702,501,601,701","SEDLEY,BERLIN,BOYKINS,DREWRYVILLE,CAPRON,FORKS-OF-THE-RIVER,SEBRELL,BRANCHVILLE,IVOR,NEWSOMS,HUNTERDALE,COURTLAND,BLACKWATER RIVER",13
116,SPOTSYLVANIA COUNTY,"702,202,102,401,504,701,201,301,403,703,101,601,302,603,402,104,602,303,103,502,505,203,704,503,204,501","BRENTS MILL,WILDERNESS FIRE,BLAYDES CORNER,SUMMIT,COURTHOUSE,BATTLEFIELD,WILDERNESS SCHOOL,PLANK ROAD,LEE HILL,FAIRVIEW,PARTLOW,SALEM,HAZEL RUN,PIEDMONT,PARKSIDE,MASSAPONAX,SMITH STATION,RIVERBEND,TRAVELERS REST,BROKENBURG,BROCK,NI RIVER / ELYS FORD,GAYLE,POST OAK,CHANCELLOR,BELMONT",26
117,STAFFORD COUNTY,"104,204,102,504,403,501,702,301,603,303,201,604,502,101,401,703,302,304,404,701,203,601,503,103,202,402,602","COLLEGE,STEFANIGA,ROCKY RUN,GAYLE,BROOKE,GRAFTON,WHITSON,GRIFFIS,WHITE OAK,HARBOUR,ROCK HILL,ENGLAND RUN,FALMOUTH,HARTWOOD,AQUIA,HAMPTON,WIDEWATER,BARRETT,GOVERNMENT ISLAND,WOODLANDS,RUBY,FERRY FARM,DREW,SIMPSON,ROSEVILLE,COURTHOUSE,CHATHAM",27
118,STAUNTON CITY,"401,101,501,201,301","WARD NO 4,WARD NO 1,WARD NO 5,WARD TWO,WARD NO 3",5
119,SUFFOLK CITY,"602,501,401,405,204,305,504,404,704,101,605,603,304,104,706,604,203,402,302,601,301,502,403,702,201,202,102","OLDE TOWNE,KILBYS MILL,AIRPORT,PITTMANTOWN,HILLPOINT,SHOULDERS HILL,LAKE COHOON,BOOKER T WASHINGTON,BURBAGE GRANT,BELLEHARBOUR,HOLLYWOOD,ELEPHANTS FORK/WESTHAVEN,NANSEMOND RIVER,BENNETTS CREEK,HUNTERSVILLE,WILROY,KINGS FORK,WHALEYVILLE,JOHN F KENNEDY,LAKESIDE,WHITE MARSH,HOLLAND,SOUTHSIDE,HARBOURVIEW,EBENEZER,CHUCKATUCK,DRIVER",27
120,SURRY COUNTY,"302,101,501,201,502,401,301","WALLS BRIDGE,SURRY,CLAREMONT,BACONS CASTLE,SPRING GROVE,CARSLEY,DENDRON",7
121,SUSSEX COUNTY,"302,501,101,202,401,301,201,601,602,502,402","WAKEFIELD,HENRY,WAVERLY,LITTLE MILL,MARS HILL,COURTHOUSE,STONY CREEK,BLACKWATER,NEWVILLE,YALE,WEST WAKEFIELD",11
122,TAZEWELL COUNTY,"402,204,203,404,106,302,104,111,501,502,101,209,214,401,109,107,102,305,207,112,301,110,103,303","JEWELL RIDGE,CLEAR FORK,BURKES GARDEN,RAVEN,POCAHONTAS,BAPTIST VALLEY,FALLS MILLS,GAP STORE,SPRINGVILLE,GRAHAM,ABBS VALLEY,JEFFERSONVILLE,THOMPSON VALLEY,RICHLANDS,BISHOP,AMONATE,TIP TOP,POUNDING MILL,FREESTONE,BANDY,CEDAR BLUFF,ADRIA,BOISSEVAIN,WARDELL",24
123,VIRGINIA BEACH CITY,"086,056,015,095,076,058,089,031,052,044,057,002,049,080,073,024,084,019,034,026,078,069,077,091,098,021,039,065,071,096,087,068,053,023,046,041,006,045,093,017,051,036,082,001,072,047,030,054,097,003,040,027,060,016,042,092,063,033,064,011,081,013,062,037,074,020,099,022,079,083,088,038,004,005,043,009,066,061,085,067,094,007,010,014,070,012,059,008,075,048,035,055,032,050,028,025,100,090,029,018","HAYGOOD,EDINBURGH,OLD DONATION,DAM NECK,VILLAGE,GLENWOOD,LAKE CHRISTOPHER,SIGMA,HOMESTEAD,CENTERVILLE,SHERRY PARK,SOUTH BEACH,LYNNHAVEN,CHIMNEY HILL,DAHLIA,LARKSPUR,TALLWOOD,LAKE SMITH,BLACKWATER,FAIRFIELD,INDIAN LAKES,SHELL,BROOKWOOD,LEXINGTON,INDEPENDENCE,DAVIS CORNER,PEMBROKE,COLONIAL,ROUND HILL,HILLTOP,HILLCREST,MANOR,SHANNON,ARROWHEAD,GREEN RUN,COLLEGE PARK,ALANTON,TIMBERLAKE,NEWTOWN,OCEAN PARK,STRATFORD CHASE,WINDSOR OAKS,SHELBURNE,NORTH BEACH,RUDEE,KINGS GRANT,RED WING,CROMWELL,INDIAN RIVER,OCEAN LAKES,BONNEY,EDWIN,FOXFIRE,ARAGONA,BRANDON,LITTLE NECK,CULVER,CAPPS SHOP,ROSEMONT FOREST,CAPE HENRY,ROCK LAKE,MT TRASHMORE,LANDSTOWN,CHESAPEAKE BEACH,BUCKNER,BAYSIDE,SALEM WOODS,POINT O VIEW,PLEASANT HALL,STRAWBRIDGE,NORTH LANDING,WITCHDUCK,LINKHORN,SEATACK,BELLAMY,TRANTWOOD,HUNT,BAKER,UPTON,EASTERN SHORE,PINEWOOD,KINGSTON,GREAT NECK,MALIBU,CORPORATE LANDING,PLAZA,SHELTON PARK,LONDON BRIDGE,COLONY,WOLFSNARE,COURTHOUSE,MAGIC HOLLOW,CREEDS,OCEANA,THALIA,AVALON,SANDBRIDGE,LAKE JOYCE,HOLLAND,THOROUGHGOOD",100
124,WARREN COUNTY,"201,102,301,502,402,302,202,504,401,501,101","HAPPY CREEK,OTTERBURN,NORTH RIVER,BENTONVILLE,TOWN,RIVERTON,LINDEN,BROWNTOWN,EAST SHENANDOAH,SOUTH RIVER,FORK TOWN",11
125,WASHINGTON COUNTY,"201,202,302,203,601,102,702,701,101,204,504,401,703,502,501,602,301,603,402","CLINCHBURG,GREENDALE,SOUTH ABINGDON,HAYTERS GAP,BURSON PLACE,WEST ABINGDON,WALLACE,HIGH POINT,EAST ABINGDON,WOODLAND HILLS,GREEN COVE,GLADE SPRING,JOHN BATTLE,DAMASCUS,RHEA VALLEY,MENDOTA,WATAUGA,VALLEY INSTITUTE,MEADOWVIEW",19
126,WAYNESBORO CITY,"004,002,003,001","WARD D,WARD B,WARD C,WARD A",4
127,WESTMORELAND COUNTY,"102,501,302,401,201,101,202,301","PRECINCT 1-2,PRECINCT 5-1,PRECINCT 3-2,PRECINCT 4-1,PRECINCT 2-1,PRECINCT 1-1,PRECINCT 2-2,PRECINCT 3-1",8
128,WILLIAMSBURG CITY,"002,001","MATOAKA,STRYKER",2
129,WINCHESTER CITY,"402,201,101,401,102,301","ROLLING HILLS,VIRGINIA AVENUE,MERRIMANS,FREDERICK DOUGLASS,OLD TOWN,WAR MEMORIAL",6
130,WISE COUNTY,"203,102,202,301,103,104,402,401,201,101,403,302","EAST POUND,DORCHESTER,WISE,BIG STONE GAP,GUEST RIVER VOTING PLACE,WEST POUND,SOUTH COEBURN,CLINCH VALLEY,NORTH COEBURN,APPALACHIA,ST PAUL,EAST STONE GAP",12
131,WYTHE COUNTY,"402,501,102,303,601,203,602,401,101,603,502","MAX MEADOWS,JACKSON MEMORIAL,RURAL RETREAT,EAST WYTHEVILLE,HUDDLE,WEST WYTHEVILLE,ZION,FORT CHISWELL,ROYAL OAK,EVERGREEN,SHEFFEY",11
132,YORK COUNTY,"403,303,401,103,402,302,202,101,201,502,102,301,501","GRAFTON,EDGEHILL,HARWOODS MILL,MAGRUDER,DARE,YORKTOWN,KILN CREEK,QUEENS LAKE,COVENTRY,BETHEL,WALLER MILL,SEAFORD,TABB",13
